-- phpMyAdmin SQL Dump
-- version 5.0.4
-- https://www.phpmyadmin.net/
--
-- Host: localhost:3306
-- Generation Time: Apr 22, 2024 at 02:47 PM
-- Server version: 8.0.22
-- PHP Version: 8.0.0

SET SQL_MODE = "NO_AUTO_VALUE_ON_ZERO";
START TRANSACTION;
SET time_zone = "+00:00";


/*!40101 SET @OLD_CHARACTER_SET_CLIENT=@@CHARACTER_SET_CLIENT */;
/*!40101 SET @OLD_CHARACTER_SET_RESULTS=@@CHARACTER_SET_RESULTS */;
/*!40101 SET @OLD_COLLATION_CONNECTION=@@COLLATION_CONNECTION */;
/*!40101 SET NAMES utf8mb4 */;

--
-- Database: `football`
--

-- --------------------------------------------------------

--
-- Table structure for table `fixture`
--

CREATE TABLE `fixture` (
  `id` int NOT NULL,
  `team1` int DEFAULT NULL,
  `team2` int DEFAULT NULL,
  `location` int DEFAULT NULL,
  `date` date DEFAULT NULL,
  `time` datetime DEFAULT NULL
) ENGINE=InnoDB DEFAULT CHARSET=utf8mb4 COLLATE=utf8mb4_general_ci;

-- --------------------------------------------------------

--
-- Table structure for table `location`
--

CREATE TABLE `location` (
  `id` int NOT NULL,
  `name` varchar(55) COLLATE utf8mb4_general_ci DEFAULT NULL,
  `capacity` int DEFAULT NULL
) ENGINE=InnoDB DEFAULT CHARSET=utf8mb4 COLLATE=utf8mb4_general_ci;

-- --------------------------------------------------------

--
-- Table structure for table `player`
--

CREATE TABLE `player` (
  `id` int NOT NULL,
  `firstname` varchar(55) COLLATE utf8mb4_general_ci DEFAULT NULL,
  `lastname` varchar(55) COLLATE utf8mb4_general_ci DEFAULT NULL,
  `dob` date DEFAULT NULL
) ENGINE=InnoDB DEFAULT CHARSET=utf8mb4 COLLATE=utf8mb4_general_ci;

--
-- Dumping data for table `player`
--

INSERT INTO `player` (`id`, `firstname`, `lastname`, `dob`) VALUES
(1, 'Gayleen', 'Tomasini', '1998-01-15'),
(2, 'Albie', 'Carlucci', '1991-05-04'),
(3, 'Angil', 'Franzelini', '1991-11-26'),
(4, 'Nita', 'Signoret', '2000-10-12'),
(5, 'Delly', 'Whitchurch', '2000-11-11'),
(6, 'Kris', 'Brierton', '2010-04-15'),
(7, 'Claudetta', 'Allinson', '2001-01-09'),
(8, 'Kippy', 'Matts', '2006-05-01'),
(9, 'Cory', 'Cossington', '2004-06-18'),
(10, 'Barbie', 'Stanfield', '2003-11-12'),
(11, 'Milena', 'Clawley', '1999-01-20'),
(12, 'Abram', 'Hukin', '1995-09-26'),
(13, 'Ettie', 'O\'Dempsey', '1991-08-11'),
(14, 'Tymon', 'Iacoboni', '2006-01-19'),
(15, 'Bil', 'Guillain', '1995-04-04'),
(16, 'Cher', 'Vondracek', '2006-07-29'),
(17, 'Evie', 'Blower', '1999-03-09'),
(18, 'Stacy', 'Bletcher', '1999-08-12'),
(19, 'Janeta', 'Balcombe', '2006-09-16'),
(20, 'Rasla', 'Sealeaf', '2009-06-12'),
(21, 'Marylee', 'Mearns', '2001-03-06'),
(22, 'Natty', 'Wimpeney', '1996-12-31'),
(23, 'Zelig', 'McCathy', '1993-06-28'),
(24, 'Prescott', 'Hebron', '2010-06-03'),
(25, 'Ganny', 'Reace', '2008-04-21'),
(26, 'Gilles', 'Gascoyen', '2009-10-17'),
(27, 'Miller', 'Ozanne', '2007-02-03'),
(28, 'Saw', 'Waggett', '1995-12-05'),
(29, 'Tan', 'McKintosh', '2000-05-27'),
(30, 'Cicely', 'Ramsdale', '1991-05-28'),
(31, 'Pearline', 'Newburn', '2006-04-05'),
(32, 'Bogart', 'Tumini', '2006-10-30'),
(33, 'Mahala', 'Yankov', '2008-07-13'),
(34, 'Carine', 'Drane', '1993-07-24'),
(35, 'Naoma', 'Jordan', '2005-01-11'),
(36, 'Karlis', 'Hawke', '1996-09-26'),
(37, 'Bunnie', 'Himsworth', '2009-07-12'),
(38, 'Del', 'Keyte', '1994-05-06'),
(39, 'Luelle', 'Lages', '1997-03-07'),
(40, 'Ezra', 'Rockwill', '1996-11-19'),
(41, 'Loleta', 'Dy', '2000-06-25'),
(42, 'Walsh', 'Corns', '2001-03-02'),
(43, 'Rania', 'Tattershall', '2007-11-15'),
(44, 'Sabrina', 'Eles', '1994-04-28'),
(45, 'Eachelle', 'Klaggeman', '2000-06-16'),
(46, 'Carlotta', 'Faley', '2003-01-26'),
(47, 'Sophronia', 'Dilkes', '2007-05-20'),
(48, 'Daisy', 'McDonald', '2010-03-02'),
(49, 'Chick', 'Lazonby', '2005-11-11'),
(50, 'Ardys', 'Wellard', '1996-04-16'),
(51, 'Clevie', 'Pfeffle', '1999-02-15'),
(52, 'Deane', 'Dickinson', '1992-04-11'),
(53, 'Cele', 'Stango', '1997-08-09'),
(54, 'Annetta', 'Warret', '2000-12-01'),
(55, 'Eugenie', 'Pepper', '2008-03-04'),
(56, 'Courtnay', 'Kovalski', '2005-06-11'),
(57, 'Yule', 'Thominga', '2004-01-01'),
(58, 'Britta', 'Yancey', '1994-08-31'),
(59, 'Waylon', 'Freund', '2003-02-21'),
(60, 'Dulciana', 'Corns', '2003-12-25'),
(61, 'Valaree', 'Nayer', '2008-03-05'),
(62, 'Carmelita', 'Walklett', '2010-06-20'),
(63, 'Katrinka', 'Matskevich', '2006-04-01'),
(64, 'Katinka', 'Mellers', '2004-07-16'),
(65, 'Catlin', 'Morrilly', '2003-07-31'),
(66, 'Chloe', 'Croshaw', '2001-02-12'),
(67, 'Virgina', 'Waith', '1991-09-27'),
(68, 'Arch', 'Dartnell', '2002-05-20'),
(69, 'Sacha', 'Palphramand', '2008-08-01'),
(70, 'Jervis', 'Zanioletti', '2006-12-20'),
(71, 'Lisa', 'Stenhouse', '2001-10-26'),
(72, 'Winna', 'Wellfare', '2001-11-22'),
(73, 'Arin', 'Handy', '2009-07-30'),
(74, 'Leroi', 'Sodo', '2005-06-22'),
(75, 'Chadwick', 'Ballinghall', '2001-06-15'),
(76, 'Immanuel', 'Rawlins', '2006-10-05'),
(77, 'Alvan', 'Dayton', '2008-04-25'),
(78, 'Katine', 'McQuilty', '1995-02-08'),
(79, 'Karlens', 'Pantling', '1995-02-28'),
(80, 'Quint', 'Reidshaw', '1999-04-04'),
(81, 'Gabi', 'Gisbourn', '1994-08-28'),
(82, 'Gerhardt', 'Pietzner', '1991-02-09'),
(83, 'Ainslee', 'O\'Fogerty', '1995-10-25'),
(84, 'Ardelle', 'Whitlam', '1994-11-28'),
(85, 'Venus', 'Ranahan', '1992-01-27'),
(86, 'Yetta', 'Shoulders', '2001-11-21'),
(87, 'Nessi', 'Crighton', '2000-01-03'),
(88, 'Cyrill', 'Fasey', '1999-06-27'),
(89, 'Dareen', 'Veighey', '1993-10-20'),
(90, 'Merilee', 'Tawse', '2002-01-04'),
(91, 'Evelin', 'Trappe', '1992-08-24'),
(92, 'Tan', 'Broadhurst', '2002-05-23'),
(93, 'Kimble', 'Martill', '2004-08-25'),
(94, 'Keene', 'Ney', '1992-08-05'),
(95, 'Diann', 'Le Jean', '2003-11-04'),
(96, 'Hyman', 'Giovannoni', '2001-05-04'),
(97, 'Krissie', 'MacAless', '2009-12-21'),
(98, 'Cathyleen', 'Toothill', '2008-01-04'),
(99, 'Shannan', 'Driutti', '2008-11-18'),
(100, 'Amalee', 'Nelmes', '2004-07-11'),
(101, 'Saundra', 'Aartsen', '2000-08-18'),
(102, 'Dion', 'O\'Hickee', '1992-03-11'),
(103, 'Burke', 'Garrad', '1990-11-06'),
(104, 'Brande', 'Cannell', '1991-09-02'),
(105, 'Cyb', 'Daber', '1992-07-01'),
(106, 'Hakim', 'Stiff', '2009-05-18'),
(107, 'Manuel', 'McFarland', '2003-05-01'),
(108, 'Lionello', 'Guerrero', '1998-04-23'),
(109, 'Sissy', 'Okenden', '2003-11-16'),
(110, 'Cacilie', 'Tomsa', '2008-09-14'),
(111, 'Caria', 'Murty', '1994-09-15'),
(112, 'Easter', 'Elvey', '2006-05-04'),
(113, 'Audi', 'Blackhurst', '1994-01-07'),
(114, 'Kareem', 'Botting', '2004-03-19'),
(115, 'Martie', 'Ivanisov', '1996-05-01'),
(116, 'Doreen', 'Ennor', '1994-10-11'),
(117, 'Erl', 'Curlis', '1992-04-17'),
(118, 'Rosabel', 'Ogger', '1991-10-07'),
(119, 'Marybelle', 'Burkill', '1991-04-21'),
(120, 'Sharlene', 'Girhard', '1994-09-15'),
(121, 'Stefan', 'Winders', '1993-04-10'),
(122, 'Jeniffer', 'Stollberg', '1998-08-15'),
(123, 'Kristian', 'Lightoller', '2006-07-19'),
(124, 'Timmy', 'Winkless', '2005-12-28'),
(125, 'Stevie', 'Maffioletti', '1991-07-21'),
(126, 'Charmian', 'Lambertson', '2002-04-03'),
(127, 'Elenore', 'Kippen', '1997-01-08'),
(128, 'Christiana', 'Tineman', '1997-09-28'),
(129, 'Lanie', 'Abbe', '2001-12-01'),
(130, 'Kissiah', 'Diboll', '2007-03-31'),
(131, 'Daune', 'Sammon', '1994-11-26'),
(132, 'Rhodia', 'Heinke', '1996-12-18'),
(133, 'Korie', 'Abramson', '2008-03-09'),
(134, 'Keeley', 'Ruckhard', '1998-06-17'),
(135, 'Stormy', 'MacGill', '2000-05-27'),
(136, 'Karlik', 'Robke', '1991-08-26'),
(137, 'Lorens', 'Dunkerton', '1996-08-17'),
(138, 'Holly-anne', 'Spaunton', '2008-06-10'),
(139, 'Lancelot', 'Gannan', '2009-05-24'),
(140, 'Silvanus', 'Scholard', '2001-07-08'),
(141, 'Anabella', 'Holleran', '1999-12-14'),
(142, 'Matthiew', 'Risely', '2000-12-28'),
(143, 'Chiquita', 'Olivas', '1999-10-04'),
(144, 'Shep', 'Dibben', '2002-11-11'),
(145, 'Blondelle', 'Southernwood', '1998-10-11'),
(146, 'Pam', 'Alderman', '1996-07-04'),
(147, 'Zollie', 'Kloss', '2000-05-07'),
(148, 'Blancha', 'Parnham', '1991-03-04'),
(149, 'Sherman', 'Kas', '2006-08-20'),
(150, 'Sid', 'Wooldridge', '2003-11-12'),
(151, 'Merla', 'Bortoli', '1999-05-15'),
(152, 'Malynda', 'Goolden', '2001-01-15'),
(153, 'Gustavus', 'Broadhead', '1999-09-25'),
(154, 'Berrie', 'Hallibone', '1997-01-27'),
(155, 'Collen', 'Nelthorpe', '1993-11-02'),
(156, 'Lelia', 'Ianinotti', '2000-07-06'),
(157, 'Garrik', 'Blondell', '2005-05-15'),
(158, 'Celina', 'Toyne', '1998-01-10'),
(159, 'Alden', 'Bentley', '1996-08-18'),
(160, 'Valene', 'Nutley', '1992-02-19'),
(161, 'Jilleen', 'Conaghan', '2005-10-05'),
(162, 'Kimmi', 'Shillaker', '1994-02-24'),
(163, 'Carny', 'Zanotti', '2006-02-07'),
(164, 'Nathanael', 'Maybury', '1993-11-20'),
(165, 'Kippy', 'Heindl', '2008-07-27'),
(166, 'Tilly', 'Walkden', '2010-02-25'),
(167, 'Hoyt', 'Easun', '1999-07-11'),
(168, 'Cyrill', 'Presdie', '2009-09-21'),
(169, 'Molli', 'Moreby', '2008-08-01'),
(170, 'Prentice', 'Waadenburg', '2009-05-17'),
(171, 'Griffin', 'Muggleston', '2009-01-08'),
(172, 'Hertha', 'Noury', '2006-08-30'),
(173, 'Karon', 'Vankeev', '2009-04-05'),
(174, 'Alysia', 'Collibear', '1999-01-15'),
(175, 'Silva', 'Kynge', '2010-01-13'),
(176, 'Gill', 'Severs', '2009-07-12'),
(177, 'Pierce', 'Burdfield', '2006-04-08'),
(178, 'Sondra', 'Kimmel', '2002-12-11'),
(179, 'Doris', 'Cattell', '1994-02-13'),
(180, 'Shana', 'Sambrok', '1997-03-23'),
(181, 'Hebert', 'Wyett', '1995-04-29'),
(182, 'Atlante', 'Siddens', '1992-10-02'),
(183, 'Mikel', 'Fandrey', '1996-01-31'),
(184, 'Elianora', 'Pevsner', '2010-05-26'),
(185, 'Nonnah', 'Rubert', '2009-11-11'),
(186, 'Shannen', 'Beament', '2007-08-02'),
(187, 'Demetris', 'Durrett', '1995-03-11'),
(188, 'Nataniel', 'Brayfield', '2006-08-27'),
(189, 'Alleyn', 'Zecchi', '1990-12-28'),
(190, 'Bartholomew', 'Mayoh', '2010-07-14'),
(191, 'Meryl', 'Jozef', '1992-01-17'),
(192, 'Camel', 'O\'Lehane', '1999-01-07'),
(193, 'Colby', 'Hawler', '1994-09-06'),
(194, 'Rutledge', 'O\'Neal', '1992-05-18'),
(195, 'Retha', 'Terbrug', '2005-03-09'),
(196, 'Paule', 'Vizard', '1995-09-28'),
(197, 'Barbabas', 'Poter', '2006-10-16'),
(198, 'Chuck', 'Zolini', '2005-01-09'),
(199, 'Annabela', 'Lannin', '1992-02-26'),
(200, 'Dwain', 'Stowe', '1992-09-24'),
(201, 'Linnie', 'Maystone', '1995-01-14'),
(202, 'Allayne', 'Sirmon', '2001-06-30'),
(203, 'Tera', 'Becerra', '1995-03-05'),
(204, 'Maitilde', 'O\'Kieran', '1997-07-04'),
(205, 'Marylynne', 'Fattorini', '1992-06-22'),
(206, 'Yevette', 'Caseley', '2000-06-02'),
(207, 'Adlai', 'Andri', '2007-03-04'),
(208, 'Launce', 'Bricksey', '2003-05-20'),
(209, 'Wanids', 'Pallaske', '2003-06-11'),
(210, 'Alfonse', 'Oller', '1997-11-03'),
(211, 'Dolph', 'Craven', '2003-01-01'),
(212, 'Dana', 'Babon', '2009-03-30'),
(213, 'Esther', 'Oxby', '1997-02-21'),
(214, 'Cathryn', 'Paice', '1993-03-18'),
(215, 'Rosabel', 'Devine', '1997-07-28'),
(216, 'Kristopher', 'Pierce', '1993-12-23'),
(217, 'Leanora', 'Blaxall', '1994-12-30'),
(218, 'Ashlee', 'Pridmore', '1996-08-01'),
(219, 'Neille', 'Clew', '1991-05-14'),
(220, 'Cyril', 'Laurence', '1993-08-22'),
(221, 'Lorry', 'Seeney', '2008-10-29'),
(222, 'Vilma', 'Farish', '1999-11-26'),
(223, 'Gaspard', 'Tollemache', '1993-02-16'),
(224, 'Haley', 'Pumfrett', '1991-05-04'),
(225, 'Elysee', 'Rodd', '1993-04-03'),
(226, 'Zechariah', 'Sickamore', '2008-05-08'),
(227, 'Lizzie', 'Ternault', '1998-11-28'),
(228, 'Lory', 'Doles', '1993-01-02'),
(229, 'Federico', 'Lillegard', '2009-10-29'),
(230, 'Vincents', 'Vlahos', '1995-09-29'),
(231, 'Jeanine', 'Riccione', '2004-08-10'),
(232, 'Monty', 'Norrey', '1991-05-15'),
(233, 'Taber', 'Ximenez', '2007-09-28'),
(234, 'Rodney', 'Branchett', '2005-07-31'),
(235, 'Bidget', 'Shalcros', '1994-06-29'),
(236, 'Daniel', 'Badsworth', '2003-02-03'),
(237, 'Stephine', 'Ackermann', '1997-12-19'),
(238, 'Currie', 'Wescott', '2009-08-13'),
(239, 'Clyde', 'Haining', '1993-06-12'),
(240, 'Noah', 'Noot', '1993-05-30'),
(241, 'Anna-diana', 'Farra', '2009-01-24'),
(242, 'Annetta', 'Saurin', '1997-02-01'),
(243, 'Lulu', 'Sainer', '1990-12-13'),
(244, 'Dickie', 'Curcher', '2008-10-15'),
(245, 'Victor', 'Ponter', '1991-03-09'),
(246, 'Melly', 'Mordy', '1992-12-17'),
(247, 'Lorie', 'Lourens', '2010-06-09'),
(248, 'Querida', 'Minchindon', '1999-09-07'),
(249, 'Zackariah', 'Jamson', '2000-04-21'),
(250, 'Reginald', 'Feakins', '2003-11-10'),
(251, 'Melantha', 'Beran', '2004-07-06'),
(252, 'Bret', 'Hallwell', '1997-06-17'),
(253, 'Reube', 'Springham', '1998-03-15'),
(254, 'Corrina', 'Merrill', '1994-03-23'),
(255, 'Afton', 'Hiddsley', '2002-02-14'),
(256, 'Reamonn', 'Haville', '2006-06-09'),
(257, 'Valentia', 'Cowp', '1993-10-17'),
(258, 'Erwin', 'Probate', '1993-09-22'),
(259, 'Barbette', 'Threadgould', '2010-05-15'),
(260, 'Marcello', 'Pymar', '2005-06-29'),
(261, 'Carlina', 'Smallridge', '2002-03-07'),
(262, 'Torrance', 'Cronshaw', '1991-08-19'),
(263, 'Issy', 'Tellenbrok', '1996-08-20'),
(264, 'Brear', 'Hoogendorp', '1998-04-21'),
(265, 'Cynde', 'Yersin', '1993-07-26'),
(266, 'Kellen', 'Barstock', '1993-06-16'),
(267, 'Candie', 'Jacklings', '2000-06-26'),
(268, 'Barthel', 'Jefferd', '1991-06-06'),
(269, 'Neile', 'Eminson', '1999-03-11'),
(270, 'Agosto', 'Durbyn', '1995-09-02'),
(271, 'Gabriellia', 'Sichardt', '1994-01-20'),
(272, 'Bruis', 'Cordall', '1996-08-28'),
(273, 'Tammy', 'Clipston', '1994-12-16'),
(274, 'Jacenta', 'Wilse', '2005-01-23'),
(275, 'Bealle', 'Fields', '1994-04-06'),
(276, 'Farr', 'Fortesquieu', '2004-12-02'),
(277, 'Jack', 'Christon', '1992-02-02'),
(278, 'Wayland', 'Heck', '1994-10-29'),
(279, 'Brook', 'Kleinerman', '1994-04-10'),
(280, 'Gaylene', 'Dahl', '2002-05-27'),
(281, 'Mercie', 'Whitham', '2002-11-06'),
(282, 'Zared', 'Rizzardini', '1996-07-28'),
(283, 'Merola', 'Mullen', '2009-05-03'),
(284, 'Chelsie', 'Zannini', '1995-01-26'),
(285, 'Arie', 'Skrine', '1999-12-02'),
(286, 'Sissie', 'Sambrook', '1994-04-07'),
(287, 'Nesta', 'Gilby', '1994-03-16'),
(288, 'Clementina', 'Beenham', '2009-04-01'),
(289, 'Clarine', 'Plumbley', '2009-01-30'),
(290, 'Nanci', 'Swannell', '1996-05-21'),
(291, 'Johna', 'Braams', '2008-02-26'),
(292, 'Ema', 'Redwin', '2005-03-11'),
(293, 'Mikaela', 'Portt', '1992-06-20'),
(294, 'Agna', 'Skellen', '2002-09-30'),
(295, 'Carrol', 'Gauntlett', '2007-11-22'),
(296, 'Myrna', 'Kun', '1999-11-21'),
(297, 'Almira', 'Medley', '2006-01-14'),
(298, 'Yvonne', 'Oiller', '2000-02-09'),
(299, 'Leupold', 'Ortner', '1999-09-08'),
(300, 'Lyman', 'Steggals', '2010-10-01'),
(301, 'Willey', 'Gallacher', '1991-02-07'),
(302, 'Cecelia', 'Julian', '2010-03-10'),
(303, 'Maxy', 'Catmull', '2000-09-21'),
(304, 'Filberto', 'Fuzzard', '1991-04-09'),
(305, 'Gleda', 'Chatterton', '2005-04-10'),
(306, 'Isaac', 'Iannazzi', '2001-11-06'),
(307, 'Hillyer', 'Craigmyle', '2008-05-25'),
(308, 'Kincaid', 'Wermerling', '1997-09-02'),
(309, 'Kirby', 'Bollins', '1992-01-26'),
(310, 'Juli', 'Shilstone', '1991-08-26'),
(311, 'Hildegarde', 'Tunnicliffe', '1992-01-01'),
(312, 'Denney', 'Josilowski', '2007-03-29'),
(313, 'Stefan', 'Berth', '1996-01-10'),
(314, 'Elinore', 'Trymme', '1999-10-30'),
(315, 'Konstantin', 'Gauden', '2007-06-09'),
(316, 'Brandon', 'Acey', '2004-04-23'),
(317, 'Annora', 'Dymoke', '1996-01-20'),
(318, 'Sherwynd', 'Brabyn', '2005-03-07'),
(319, 'Roselin', 'Hagart', '1998-11-07'),
(320, 'Danyelle', 'Barca', '2006-12-28'),
(321, 'Rickie', 'Eyers', '2010-09-22'),
(322, 'Crin', 'Clac', '2006-12-18'),
(323, 'Haywood', 'Loder', '1998-04-02'),
(324, 'Amata', 'Cromblehome', '1995-02-21'),
(325, 'Garald', 'Grob', '1998-12-03'),
(326, 'Chevalier', 'Yarrall', '2007-07-02'),
(327, 'Elvyn', 'Willgrass', '2009-12-07'),
(328, 'Kala', 'Foker', '1992-07-01'),
(329, 'Arline', 'Brownstein', '2003-07-26'),
(330, 'Guglielma', 'Mompesson', '2007-04-02'),
(331, 'Corrina', 'Championnet', '2005-08-12'),
(332, 'Sibylle', 'Cellone', '2002-09-15'),
(333, 'Harli', 'Fumagalli', '1994-08-22'),
(334, 'Jeralee', 'Roome', '2003-03-22'),
(335, 'Silvester', 'Calvert', '2000-09-28'),
(336, 'Shirline', 'Dhenin', '2001-06-09'),
(337, 'Lana', 'Toppes', '2008-03-23'),
(338, 'Prent', 'Fraczkiewicz', '2005-04-11'),
(339, 'Lalo', 'Eltringham', '1998-01-30'),
(340, 'Margret', 'Vigar', '1992-03-28'),
(341, 'Eleen', 'Mathou', '2004-04-13'),
(342, 'Chad', 'Erickson', '2010-07-07'),
(343, 'Mireielle', 'Clue', '2000-08-25'),
(344, 'Val', 'Lyddon', '2002-01-10'),
(345, 'Lidia', 'Kohnemann', '1998-02-11'),
(346, 'Dyann', 'Peschmann', '2008-01-14'),
(347, 'Yankee', 'Gilhool', '2007-07-17'),
(348, 'Lilly', 'Sancto', '2003-11-29'),
(349, 'Addy', 'Thorouggood', '1992-08-08'),
(350, 'Rakel', 'Olijve', '1995-04-04'),
(351, 'Susannah', 'Hundell', '1999-09-10'),
(352, 'Regine', 'Vasyunin', '2008-10-30'),
(353, 'Coretta', 'Arthy', '2001-06-02'),
(354, 'Ethe', 'Grzeskowski', '2007-10-15'),
(355, 'Garek', 'Barwell', '2002-12-11'),
(356, 'Winonah', 'Bloxsum', '1994-12-22'),
(357, 'Bess', 'Jeffery', '2006-10-31'),
(358, 'Sascha', 'Creigan', '2009-06-28'),
(359, 'Luce', 'O\'Moylane', '1993-07-13'),
(360, 'Waylon', 'Filtness', '1998-03-02'),
(361, 'Adolpho', 'Woodworth', '1991-10-17'),
(362, 'Michael', 'Dellow', '1998-04-14'),
(363, 'Nestor', 'Pitblado', '1992-12-25'),
(364, 'Alverta', 'Mebius', '2009-01-04'),
(365, 'Thorny', 'Palphreyman', '1990-12-16'),
(366, 'Rasla', 'Sebborn', '2006-04-27'),
(367, 'Marthena', 'Bryning', '2001-03-10'),
(368, 'Emylee', 'Woolhouse', '2009-11-22'),
(369, 'Florian', 'Candlish', '2008-03-12'),
(370, 'Tarrah', 'Delves', '1992-09-18'),
(371, 'Alexei', 'Kobisch', '2010-09-12'),
(372, 'Delainey', 'Sima', '2003-08-21'),
(373, 'Winonah', 'Houlston', '1992-11-24'),
(374, 'Sigmund', 'Annatt', '2002-06-14'),
(375, 'Abba', 'Salvadore', '1999-09-09'),
(376, 'Dorian', 'Guymer', '1995-01-17'),
(377, 'Konstanze', 'Rosnau', '2002-04-03'),
(378, 'Jasmina', 'Plewright', '2007-10-27'),
(379, 'Doretta', 'Bachmann', '2006-04-18'),
(380, 'Roderigo', 'Mengue', '2008-10-17'),
(381, 'Jocko', 'Selkirk', '2000-08-13'),
(382, 'Zachariah', 'Middlemiss', '1995-05-26'),
(383, 'Averil', 'Tinsey', '2006-05-14'),
(384, 'Stevie', 'Millea', '2002-12-26'),
(385, 'Corenda', 'Werner', '2000-01-22'),
(386, 'Brittney', 'Loble', '2000-12-11'),
(387, 'Itch', 'Giraudo', '2005-10-13'),
(388, 'Alejandra', 'Friman', '1993-05-23'),
(389, 'Clayson', 'Engelbrecht', '1994-09-03'),
(390, 'Fabe', 'Jaksic', '2008-06-24'),
(391, 'Melisande', 'Fritche', '2009-09-03'),
(392, 'Olva', 'Tantrum', '1993-04-23'),
(393, 'Matthew', 'Janczyk', '2008-07-16'),
(394, 'Joya', 'Du Fray', '2009-02-05'),
(395, 'Ernesta', 'Bisseker', '2008-02-04'),
(396, 'Anette', 'McBeath', '2008-09-10'),
(397, 'Guillermo', 'Hordle', '2004-10-18'),
(398, 'Leshia', 'Martinez', '1993-10-01'),
(399, 'Jonis', 'Mahmood', '2006-12-10'),
(400, 'Garvey', 'Mochar', '2007-01-12'),
(401, 'Hoyt', 'Caseri', '1991-04-01'),
(402, 'Erin', 'Alebrooke', '1995-09-04'),
(403, 'Perren', 'Parffrey', '2000-09-10'),
(404, 'Brinna', 'Tuckerman', '2002-12-21'),
(405, 'Raddie', 'Wiltshear', '2006-03-17'),
(406, 'Clarisse', 'Clempton', '2003-07-31'),
(407, 'Dirk', 'Dows', '2002-01-09'),
(408, 'Wadsworth', 'Drees', '1991-07-21'),
(409, 'Parke', 'Jorry', '2002-10-23'),
(410, 'Ceil', 'Beaby', '2006-07-21'),
(411, 'Yardley', 'Loder', '1991-02-24'),
(412, 'Dillie', 'Durban', '1994-11-05'),
(413, 'Roderic', 'Mackieson', '2000-12-31'),
(414, 'Winn', 'Leaburn', '2007-07-14'),
(415, 'Gail', 'Candy', '1999-04-16'),
(416, 'Lorie', 'Beloe', '1993-06-06'),
(417, 'Rena', 'Sabater', '1991-02-06'),
(418, 'Ned', 'Succamore', '2003-03-23'),
(419, 'Yasmeen', 'Hullock', '2008-08-30'),
(420, 'Corbin', 'Paulou', '1991-10-17'),
(421, 'Drake', 'Semiraz', '2004-04-28'),
(422, 'Vivie', 'Baudi', '1991-06-23'),
(423, 'Drusy', 'Fayne', '2008-11-19'),
(424, 'Reeta', 'Stanes', '1995-09-21'),
(425, 'Roscoe', 'Wolfinger', '1992-04-19'),
(426, 'Florenza', 'Trouel', '1998-06-09'),
(427, 'Jereme', 'Jacobssen', '1997-09-05'),
(428, 'Ari', 'Crispe', '2008-07-08'),
(429, 'Jeremie', 'Bearsmore', '2010-10-06'),
(430, 'Sheffield', 'Dumbrell', '2004-10-16'),
(431, 'Izaak', 'Featherstonehaugh', '2002-07-21'),
(432, 'Kalinda', 'Harbidge', '1992-04-08'),
(433, 'Silvan', 'O\'Hartagan', '1996-03-02'),
(434, 'Wrennie', 'MacAlaster', '2004-07-19'),
(435, 'Chandra', 'Palmer', '2004-10-16'),
(436, 'Lyn', 'Mandry', '2004-12-26'),
(437, 'Vere', 'Galpin', '2010-05-05'),
(438, 'Morna', 'Westoff', '1993-04-10'),
(439, 'Ax', 'Bendtsen', '2008-07-23'),
(440, 'Waylon', 'Yewdale', '2001-09-14'),
(441, 'Iain', 'Fuidge', '2009-12-19'),
(442, 'Christopher', 'Pickervance', '1997-11-07'),
(443, 'Gael', 'Blondel', '2004-11-19'),
(444, 'Lynde', 'McGovern', '2003-07-08'),
(445, 'Claiborn', 'Stepto', '2008-03-16'),
(446, 'Elianore', 'MacGlory', '2006-11-27'),
(447, 'Issi', 'Mateo', '1999-11-23'),
(448, 'Caitrin', 'Poyser', '2007-04-05'),
(449, 'Wye', 'Jakoviljevic', '1999-04-20'),
(450, 'Lurleen', 'Bordis', '2009-02-17'),
(451, 'Braden', 'Stainfield', '2002-09-15'),
(452, 'Nolie', 'Leftwich', '2006-10-14'),
(453, 'Sande', 'Scougall', '2000-12-17'),
(454, 'Colin', 'Josefsen', '2002-03-07'),
(455, 'Devlen', 'Sheward', '2006-06-11'),
(456, 'Darius', 'Whittles', '1997-04-05'),
(457, 'Averil', 'Sillick', '1993-03-18'),
(458, 'Mirelle', 'Mowne', '2009-04-16'),
(459, 'Anders', 'Hulls', '1991-05-09'),
(460, 'Cassondra', 'Bodiam', '2010-04-03'),
(461, 'Letizia', 'Wrotham', '1991-11-21'),
(462, 'Hobart', 'Shrimpton', '1998-01-28'),
(463, 'Sandra', 'Duell', '2008-08-02'),
(464, 'Herman', 'Bastable', '1998-06-23'),
(465, 'Alphonse', 'Patel', '2009-01-03'),
(466, 'Pierson', 'Owttrim', '2004-01-12'),
(467, 'Jared', 'Biddulph', '2008-10-24'),
(468, 'Christian', 'Flucker', '1995-05-11'),
(469, 'Shelley', 'De\'Vere - Hunt', '1996-12-21'),
(470, 'Karel', 'Roskams', '1992-08-29'),
(471, 'Ranna', 'Illingworth', '2009-08-13'),
(472, 'Celle', 'Tackell', '1999-01-16'),
(473, 'Willie', 'Gilks', '2010-07-15'),
(474, 'Brander', 'Farrear', '2000-10-10'),
(475, 'Tobye', 'Channer', '2009-11-03'),
(476, 'Alex', 'Scading', '2006-05-12'),
(477, 'Clarissa', 'Bordman', '1997-04-24'),
(478, 'Ianthe', 'Sargint', '2000-05-18'),
(479, 'Frederica', 'Wisdom', '1999-10-13'),
(480, 'Shaylyn', 'Lewing', '1998-08-17'),
(481, 'Eduard', 'Hubbert', '2007-02-13'),
(482, 'Julianna', 'Weston', '1999-08-05'),
(483, 'Horten', 'Abbys', '2007-07-27'),
(484, 'Patin', 'Stobart', '1994-12-27'),
(485, 'Kerianne', 'Crepin', '1998-10-09'),
(486, 'Enrico', 'Manclark', '2009-01-23'),
(487, 'Colan', 'Gouch', '1994-04-18'),
(488, 'Pancho', 'Hurdwell', '1996-07-17'),
(489, 'Melinda', 'Blaycock', '1992-04-14'),
(490, 'Sibella', 'Estcourt', '1992-04-26'),
(491, 'Faith', 'Verring', '2009-05-31'),
(492, 'Marline', 'Yateman', '2010-09-26'),
(493, 'Gertrudis', 'Betteriss', '2008-04-20'),
(494, 'Klara', 'McNeilley', '2003-05-19'),
(495, 'Krysta', 'Tomashov', '2002-06-19'),
(496, 'Abran', 'Whatford', '1991-11-16'),
(497, 'Sophey', 'Tubble', '2001-03-07'),
(498, 'Osbert', 'Jewell', '2009-06-24'),
(499, 'Skipp', 'Ioselev', '2002-12-11'),
(500, 'Joan', 'Skotcher', '1992-06-30'),
(501, 'Heall', 'McKeating', '1997-09-20'),
(502, 'Dyane', 'Forsyde', '1994-07-31'),
(503, 'Far', 'Petrowsky', '2008-09-30'),
(504, 'Karoly', 'Sandcraft', '2007-01-23'),
(505, 'Daven', 'Matthis', '2007-04-26'),
(506, 'Lancelot', 'Barrett', '2003-10-30'),
(507, 'Bale', 'Dubock', '1993-11-24'),
(508, 'Isahella', 'Pordal', '2008-05-10'),
(509, 'Rafael', 'Prince', '1991-06-22'),
(510, 'Tonia', 'Simner', '2008-01-08'),
(511, 'Shani', 'Sperski', '1995-05-29'),
(512, 'Kristina', 'Methuen', '1995-10-19'),
(513, 'Rodie', 'Poynor', '1997-01-20'),
(514, 'Magdaia', 'Mochan', '1998-09-19'),
(515, 'Lulita', 'Gagg', '1999-02-15'),
(516, 'Llywellyn', 'Balaam', '2001-12-07'),
(517, 'Margot', 'Recke', '2008-03-16'),
(518, 'Alisander', 'Lynett', '1994-04-03'),
(519, 'Gilbert', 'Swift', '1994-02-01'),
(520, 'Erl', 'Skerrett', '1997-09-12'),
(521, 'Bert', 'Pikett', '2006-02-13'),
(522, 'Elsa', 'Smails', '2005-10-19'),
(523, 'Shandra', 'Dinsell', '2000-03-27'),
(524, 'Leonard', 'O\'Hdirscoll', '1999-08-29'),
(525, 'Wallie', 'McMichael', '2002-01-07'),
(526, 'Ware', 'Sneyd', '1991-10-07'),
(527, 'Tyson', 'Dumbare', '2006-11-26'),
(528, 'Grady', 'Carlile', '2003-03-20'),
(529, 'Sadella', 'Hutson', '1994-03-21'),
(530, 'Jess', 'Yushkin', '2004-11-03'),
(531, 'Barth', 'Airy', '1997-06-27'),
(532, 'Shoshana', 'Delap', '1994-02-14'),
(533, 'Olga', 'O\'Hallihane', '2002-01-14'),
(534, 'Isabelita', 'Scheffler', '2004-06-27'),
(535, 'Chris', 'McJerrow', '2003-05-06'),
(536, 'Goober', 'Gladhill', '2002-05-25'),
(537, 'Nicoline', 'Klarzynski', '2007-06-13'),
(538, 'Kevin', 'Eger', '1996-06-04'),
(539, 'Casey', 'McVitty', '2008-10-22'),
(540, 'Thornton', 'Sabbin', '2005-11-10'),
(541, 'Garrett', 'Imlen', '1998-04-24'),
(542, 'Linnie', 'Biernacki', '1992-01-20'),
(543, 'Zechariah', 'Tolley', '2000-11-04'),
(544, 'Kasey', 'Ledwich', '1996-06-11'),
(545, 'Wallis', 'Cristol', '2002-06-01'),
(546, 'Willetta', 'Ousby', '1991-04-30'),
(547, 'Engelbert', 'Hubbis', '1993-10-28'),
(548, 'Sigmund', 'Reichartz', '1998-11-23'),
(549, 'Janeva', 'Torrejon', '2002-10-28'),
(550, 'Nikki', 'Bilsland', '1992-12-21'),
(551, 'Susette', 'Tunmore', '2008-06-21'),
(552, 'Arleta', 'Janusz', '2004-04-04'),
(553, 'Minor', 'Lorman', '1998-04-06'),
(554, 'Babbie', 'Farady', '2000-03-13'),
(555, 'Egon', 'Folca', '1995-06-10'),
(556, 'Leigha', 'Verduin', '2002-01-05'),
(557, 'Law', 'Shermore', '2006-05-14'),
(558, 'Brod', 'Kilborn', '2010-08-27'),
(559, 'Phip', 'Bulch', '2002-12-22'),
(560, 'Viv', 'Lanceter', '2005-04-02'),
(561, 'Barbe', 'Duckham', '1999-05-25'),
(562, 'Glennie', 'Poncet', '1993-01-20'),
(563, 'Davide', 'Santen', '2007-08-28'),
(564, 'Giacomo', 'Adamou', '1995-06-11'),
(565, 'Bowie', 'Pascho', '2006-09-01'),
(566, 'Yevette', 'Ruzicka', '1992-10-19'),
(567, 'Muffin', 'Silbert', '1995-12-24'),
(568, 'Briney', 'Limbourne', '2009-07-26'),
(569, 'Pascal', 'Delamere', '2008-06-24'),
(570, 'Ced', 'Messer', '1994-12-20'),
(571, 'Catherina', 'Chalice', '2008-11-15'),
(572, 'Cairistiona', 'Prinne', '1999-09-03'),
(573, 'Francyne', 'Ranking', '1995-10-09'),
(574, 'Glynnis', 'Gratton', '1997-01-04'),
(575, 'Beatriz', 'Dawidowicz', '2006-02-10'),
(576, 'Arch', 'Woakes', '2000-04-15'),
(577, 'Clarabelle', 'Sidary', '1997-04-12'),
(578, 'Baxie', 'Pikesley', '1992-09-17'),
(579, 'Emlyn', 'Burress', '2009-11-01'),
(580, 'Othello', 'Murray', '2007-07-04'),
(581, 'Felizio', 'Stribbling', '1995-04-10'),
(582, 'Gareth', 'Barr', '1991-01-12'),
(583, 'Peggi', 'Rival', '2001-06-20'),
(584, 'Iago', 'Towlson', '2008-10-08'),
(585, 'Amory', 'Pierce', '2003-08-18'),
(586, 'Giulia', 'Utridge', '2004-07-13'),
(587, 'Doralin', 'Strutley', '1996-10-04'),
(588, 'Deni', 'Rigge', '2003-08-24'),
(589, 'Cordelia', 'Bicker', '2003-11-22'),
(590, 'Merrill', 'Andrez', '2006-07-16'),
(591, 'Tiphani', 'Swyndley', '2008-10-19'),
(592, 'Shamus', 'Wheowall', '2002-11-01'),
(593, 'Tarrah', 'Garrand', '2000-08-03'),
(594, 'Daron', 'Minero', '1992-10-01'),
(595, 'Dina', 'Thunder', '2010-03-13'),
(596, 'Berty', 'Huegett', '1996-09-23'),
(597, 'Nester', 'Tumility', '1999-03-30'),
(598, 'Huberto', 'Ardley', '2000-05-06'),
(599, 'Renault', 'Holwell', '1993-02-19'),
(600, 'Dalis', 'Pattillo', '1994-05-21'),
(601, 'Lavinie', 'Haxby', '2002-11-21'),
(602, 'Tibold', 'Fencott', '2004-03-06'),
(603, 'Hardy', 'Von Hindenburg', '1999-12-19'),
(604, 'Quinta', 'Giorgetti', '1992-12-27'),
(605, 'Reece', 'Dorning', '1993-04-26'),
(606, 'Ardine', 'Giovannetti', '2009-10-07'),
(607, 'Kale', 'Chastan', '1998-02-07'),
(608, 'Idaline', 'Helsdon', '1996-11-28'),
(609, 'Ingmar', 'Brayley', '2004-08-09'),
(610, 'Remy', 'Bradley', '2009-01-19'),
(611, 'Jourdan', 'Spaldin', '2001-01-09'),
(612, 'Randal', 'Hayfield', '2009-07-14'),
(613, 'Perren', 'Shireff', '2000-09-28'),
(614, 'Marten', 'De Goey', '1993-04-26'),
(615, 'Carlotta', 'Benjafield', '2008-08-05'),
(616, 'Crysta', 'Lilford', '2000-05-03'),
(617, 'Norma', 'Deane', '1993-12-13'),
(618, 'Bryce', 'Perdue', '1998-10-07'),
(619, 'Robers', 'Spry', '1993-09-05'),
(620, 'Sibby', 'Woolacott', '2008-02-21'),
(621, 'Nevil', 'Burfield', '2000-11-30'),
(622, 'Danit', 'Keston', '1999-08-19'),
(623, 'Obadiah', 'Bunt', '1996-08-05'),
(624, 'Tallie', 'Bento', '2004-03-18'),
(625, 'Rozanne', 'Mattiassi', '2010-06-30'),
(626, 'Hamlin', 'Grzegorzewski', '1996-06-12'),
(627, 'Vanny', 'Gobbett', '1999-03-02'),
(628, 'Aundrea', 'Ruppert', '2003-12-03'),
(629, 'Rhys', 'Guerre', '2005-04-27'),
(630, 'Hans', 'Iczokvitz', '2003-07-09'),
(631, 'Silvio', 'Sheivels', '1995-03-25'),
(632, 'Catharina', 'Giffard', '2006-12-10'),
(633, 'Anna', 'Kears', '1998-08-02'),
(634, 'Rachel', 'Birchner', '1991-10-14'),
(635, 'Aharon', 'Amiable', '1992-03-02'),
(636, 'Angelica', 'McKimmey', '2007-09-12'),
(637, 'Nicola', 'Viggers', '2008-04-09'),
(638, 'Valenka', 'Damrel', '1994-06-27'),
(639, 'Bryna', 'Blanchette', '2009-02-05'),
(640, 'Elie', 'Widdocks', '2005-04-18'),
(641, 'Tybalt', 'Demke', '1996-03-23'),
(642, 'Jessie', 'Petrasch', '2002-03-04'),
(643, 'Mayor', 'Pester', '2007-07-16'),
(644, 'Lilla', 'Sample', '2006-05-10'),
(645, 'Shelbi', 'Barosch', '1991-11-14'),
(646, 'Philis', 'Schistl', '2002-03-14'),
(647, 'Paulette', 'Baumler', '2006-02-23'),
(648, 'Flem', 'Amyes', '2002-05-21'),
(649, 'Jecho', 'Vaudre', '2010-02-15'),
(650, 'Dallon', 'Toffanelli', '1999-07-05'),
(651, 'Marika', 'Ianittello', '1992-09-05'),
(652, 'Ketti', 'Itscowicz', '1994-07-04'),
(653, 'Stearn', 'Burnet', '2008-11-25'),
(654, 'Marthe', 'Grattage', '1991-12-31'),
(655, 'Antonina', 'Schaumann', '2008-08-14'),
(656, 'Ross', 'Lorenz', '2005-01-04'),
(657, 'Jeniece', 'Ong', '1993-08-08'),
(658, 'Denyse', 'Gyer', '2000-12-25'),
(659, 'Riki', 'Hurlestone', '1994-02-11'),
(660, 'Sherman', 'Josefowicz', '1991-03-17'),
(661, 'Carlos', 'Holdworth', '1991-04-30'),
(662, 'Addie', 'Skeel', '2009-12-29'),
(663, 'Cheston', 'Scoular', '2007-06-16'),
(664, 'Tadd', 'Fishwick', '2009-02-14'),
(665, 'Tommie', 'Fear', '2004-02-29'),
(666, 'Jeno', 'Blant', '1998-02-20'),
(667, 'Arly', 'Le Huquet', '2001-02-24'),
(668, 'Caron', 'Popworth', '2005-01-17'),
(669, 'Natale', 'Francesc', '2003-09-14'),
(670, 'Austen', 'Caldeyroux', '2002-09-28'),
(671, 'Ricoriki', 'Ernshaw', '2003-05-02'),
(672, 'Jerrylee', 'Sharrocks', '1993-08-17'),
(673, 'Park', 'Cambling', '2000-09-25'),
(674, 'Bambie', 'Coxhead', '1992-04-19'),
(675, 'Domenic', 'Grendon', '2001-11-03'),
(676, 'Killie', 'Tyrrell', '1998-07-17'),
(677, 'Leanna', 'Clowes', '2003-03-19'),
(678, 'Mariel', 'Draycott', '1993-05-28'),
(679, 'Kissiah', 'Ghio', '2005-05-04'),
(680, 'Melisandra', 'Guest', '2010-01-14'),
(681, 'Robina', 'Pedgrift', '2007-09-16'),
(682, 'Tye', 'Colvill', '1994-12-18'),
(683, 'Wes', 'Scargle', '1995-07-11'),
(684, 'Martina', 'Norcross', '2003-05-24'),
(685, 'Manon', 'Janusik', '2005-11-12'),
(686, 'Gwenneth', 'Hardwidge', '2009-08-07'),
(687, 'Noam', 'Byllam', '2001-10-18'),
(688, 'Babara', 'Fettes', '1996-05-27'),
(689, 'Nicky', 'Drakers', '2009-12-09'),
(690, 'Chrotoem', 'Linfoot', '2004-01-22'),
(691, 'Marcie', 'Balas', '1992-02-22'),
(692, 'Murielle', 'Egentan', '2001-09-12'),
(693, 'Corney', 'Mutlow', '2002-03-27'),
(694, 'Jud', 'Trevor', '1991-02-25'),
(695, 'Giuseppe', 'Anstiss', '1998-10-11'),
(696, 'Dougy', 'Rivalland', '2007-05-15'),
(697, 'Agustin', 'Doldon', '2004-02-18'),
(698, 'Cyndia', 'Rubinsztein', '1996-04-13'),
(699, 'Cindee', 'Brassill', '1991-08-13'),
(700, 'Sheilah', 'Sheardown', '1995-09-28'),
(701, 'Luca', 'Bilbey', '2007-06-19'),
(702, 'Sofia', 'Ovise', '1998-04-05'),
(703, 'Berkley', 'Ramplee', '1991-07-13'),
(704, 'Karla', 'Gawthrop', '2005-07-26'),
(705, 'Frasquito', 'Dawtry', '2010-06-16'),
(706, 'Alexine', 'Gerber', '2004-01-06'),
(707, 'Thaxter', 'Van Bruggen', '2008-07-01'),
(708, 'Jedidiah', 'Rentoul', '2007-06-17'),
(709, 'Jennilee', 'Chilcotte', '2010-02-21'),
(710, 'Tybie', 'Jephcote', '2001-09-15'),
(711, 'Siffre', 'Jansens', '1991-01-21'),
(712, 'Burty', 'Kief', '2000-04-18'),
(713, 'Neel', 'Claiton', '1991-02-09'),
(714, 'Margarethe', 'Hanbridge', '2000-11-16'),
(715, 'Hagan', 'Crosby', '2006-09-13'),
(716, 'Arabella', 'McParland', '2007-09-05'),
(717, 'Blakelee', 'Livesay', '1998-04-26'),
(718, 'Jeannette', 'Farren', '2010-03-03'),
(719, 'Paten', 'Robelet', '1992-07-28'),
(720, 'Maribeth', 'Joynes', '1993-01-23'),
(721, 'Shoshanna', 'Rayson', '2009-08-06'),
(722, 'Chantal', 'Skillman', '2001-09-15'),
(723, 'Ginger', 'Proswell', '2004-06-17'),
(724, 'Rodrique', 'Coates', '2001-02-03'),
(725, 'Lise', 'Ethelstone', '2006-03-16'),
(726, 'Cross', 'Michelet', '2000-05-30'),
(727, 'Kaleena', 'Linden', '2005-09-15'),
(728, 'Nil', 'Jillett', '2003-10-28'),
(729, 'Licha', 'Cline', '1992-06-05'),
(730, 'Ardine', 'Llopis', '1999-10-23'),
(731, 'Nikaniki', 'Leavy', '1996-01-28'),
(732, 'Jillane', 'Roswarn', '2000-04-18'),
(733, 'Elie', 'Kears', '1998-09-28'),
(734, 'Derron', 'Kellet', '2006-01-12'),
(735, 'Lyndell', 'McGeneay', '1998-12-30'),
(736, 'Cortney', 'Elloy', '2004-02-11'),
(737, 'Chick', 'Duran', '1998-10-26'),
(738, 'Marika', 'Dayborne', '1999-06-01'),
(739, 'Butch', 'Attwell', '2008-01-23'),
(740, 'Clemmy', 'O\'Downe', '2005-08-25'),
(741, 'Shandie', 'Quince', '2008-10-18'),
(742, 'Deane', 'Roullier', '1994-07-24'),
(743, 'Pamela', 'Everton', '1998-11-25'),
(744, 'Daffy', 'Watkiss', '2007-11-02'),
(745, 'Jacobo', 'Clawsley', '1999-02-25'),
(746, 'Jerrome', 'Chang', '1990-11-12'),
(747, 'Delmer', 'Eldridge', '2005-09-15'),
(748, 'Brig', 'Neighbour', '2004-10-24'),
(749, 'Sharlene', 'Margarson', '1994-03-31'),
(750, 'Spense', 'Toft', '2002-02-08'),
(751, 'Chev', 'Whoolehan', '2009-10-12'),
(752, 'Reuben', 'Meach', '1995-03-09'),
(753, 'Tanya', 'Jozwik', '2009-11-19'),
(754, 'Rhett', 'Vaisey', '1998-09-29'),
(755, 'Berky', 'Balling', '1993-11-28'),
(756, 'Aprilette', 'Crichley', '2010-09-04'),
(757, 'Dolf', 'Traske', '2006-09-28'),
(758, 'Bebe', 'McLukie', '2004-05-25'),
(759, 'Fawn', 'Ettels', '2003-11-12'),
(760, 'Nara', 'Ajean', '2001-06-24'),
(761, 'Glynnis', 'Provest', '1998-07-22'),
(762, 'Marius', 'Peggs', '1994-07-30'),
(763, 'Baldwin', 'Birmingham', '2002-07-20'),
(764, 'Ekaterina', 'Mainson', '2003-04-07'),
(765, 'Drugi', 'Skala', '2003-11-07'),
(766, 'Kinna', 'Sloey', '2001-12-09'),
(767, 'Miguelita', 'Osmund', '1999-05-28'),
(768, 'Brantley', 'Rockall', '1996-07-30'),
(769, 'Sean', 'MacMakin', '2008-09-24'),
(770, 'Lynette', 'Kermannes', '2007-02-02'),
(771, 'Bibby', 'Zipsell', '2004-02-12'),
(772, 'Teresina', 'Elie', '1992-11-17'),
(773, 'Kirby', 'Hattoe', '2001-08-05'),
(774, 'Brigg', 'Murrill', '1996-01-19'),
(775, 'Pansy', 'Domanek', '1990-11-16'),
(776, 'Roxine', 'Danbye', '1995-10-11'),
(777, 'Shem', 'Renhard', '1995-08-23'),
(778, 'Virgie', 'Olech', '1997-07-28'),
(779, 'Sascha', 'Korneichik', '1997-04-24'),
(780, 'Mathilda', 'Britnell', '1997-08-25'),
(781, 'Vickie', 'Andraud', '2006-12-14'),
(782, 'Alix', 'Theuss', '2006-01-18'),
(783, 'Raphaela', 'Grunnill', '2004-10-06'),
(784, 'Julietta', 'Pail', '2001-04-21'),
(785, 'Cacilia', 'Rainford', '1998-09-21'),
(786, 'Archambault', 'Camoys', '1996-03-26'),
(787, 'Clerc', 'Stormes', '1995-02-12'),
(788, 'Bethena', 'Brake', '1992-11-03'),
(789, 'Des', 'Minshall', '1994-11-03'),
(790, 'Dorisa', 'Eschalotte', '1993-10-08'),
(791, 'Cathrine', 'Fasey', '1991-01-05'),
(792, 'Dulcy', 'Abba', '1993-05-03'),
(793, 'Carmen', 'Balden', '1993-05-07'),
(794, 'Boothe', 'Fforde', '2000-07-03'),
(795, 'Ruth', 'Wardhough', '1995-06-22'),
(796, 'Giraud', 'Celiz', '1999-02-21'),
(797, 'Letizia', 'Bernolet', '2004-06-02'),
(798, 'Richard', 'Wray', '1998-02-28'),
(799, 'Ivett', 'Armall', '2010-09-04'),
(800, 'Jermaine', 'Brimicombe', '2004-06-28'),
(801, 'Marquita', 'Yallop', '1992-02-27'),
(802, 'Arlin', 'Milmith', '1994-07-21'),
(803, 'Imogene', 'Meakes', '2002-02-20'),
(804, 'Georgeta', 'Glencrash', '1994-10-08'),
(805, 'Galven', 'Dossit', '1997-09-22'),
(806, 'Ginnifer', 'Kenafaque', '1996-08-05'),
(807, 'Denyse', 'Gleadhall', '2003-08-16'),
(808, 'Paula', 'Drowsfield', '1997-04-30'),
(809, 'Quinn', 'Snalum', '2006-12-24'),
(810, 'Rheta', 'Armstrong', '1996-01-13'),
(811, 'Jethro', 'O\'Currane', '1991-04-04'),
(812, 'Tammy', 'Gulleford', '1993-04-16'),
(813, 'Agata', 'Bockings', '1994-05-20'),
(814, 'Stephie', 'Maylor', '2005-07-09'),
(815, 'Clara', 'Teresse', '2009-05-18'),
(816, 'Ortensia', 'Diggar', '2003-11-21'),
(817, 'Zacharie', 'Du Barry', '1992-05-19'),
(818, 'Bruce', 'Wenden', '1993-04-10'),
(819, 'Helen', 'Jepensen', '2000-06-02'),
(820, 'Gabrila', 'Greenhalgh', '1994-10-11'),
(821, 'Peri', 'Biggerdike', '2008-03-10'),
(822, 'Dominga', 'Royston', '2007-02-24'),
(823, 'Anny', 'Bembrigg', '1993-04-15'),
(824, 'Cookie', 'Andrzejowski', '1996-04-17'),
(825, 'Sarene', 'Dawe', '1991-11-20'),
(826, 'Silva', 'Rimour', '2010-07-10'),
(827, 'Ellis', 'Dettmar', '1992-03-10'),
(828, 'Tobey', 'Monkton', '2005-11-25'),
(829, 'Lisette', 'Rimington', '2008-03-06'),
(830, 'Andriana', 'Hollyman', '1997-05-29'),
(831, 'Ilka', 'Kahen', '1994-07-08'),
(832, 'Tracey', 'Rickford', '1994-02-26'),
(833, 'Karalee', 'Nipper', '2007-07-07'),
(834, 'Hanan', 'Killford', '1998-02-22'),
(835, 'Jeanie', 'Crebo', '2003-03-17'),
(836, 'Merle', 'Menego', '2006-01-17'),
(837, 'Lynnell', 'Brent', '2008-09-03'),
(838, 'Odey', 'Eskrick', '2000-06-22'),
(839, 'Malva', 'Tarbard', '2009-04-09'),
(840, 'Debi', 'Adamoli', '1993-10-24'),
(841, 'Jonathon', 'Bugg', '2007-04-06'),
(842, 'Abel', 'Brobak', '2007-03-23'),
(843, 'Brietta', 'Sara', '1993-01-17'),
(844, 'Yoshiko', 'Leney', '1995-02-07'),
(845, 'Daveen', 'Laidlow', '2003-01-09'),
(846, 'Maurice', 'Maddams', '1991-02-16'),
(847, 'Rozamond', 'Loveless', '2002-05-26'),
(848, 'Kelley', 'Alywen', '2001-04-18'),
(849, 'Lark', 'Timmons', '1993-07-03'),
(850, 'Engelbert', 'Wait', '2005-10-06'),
(851, 'Fredric', 'Linneman', '2001-03-25'),
(852, 'Florina', 'Gallgher', '1995-01-22'),
(853, 'Holmes', 'Caspell', '2000-12-01'),
(854, 'Bartel', 'Pickles', '2009-01-07'),
(855, 'Margie', 'Johnsey', '1993-03-20'),
(856, 'Liz', 'Treasaden', '2006-05-19'),
(857, 'Cally', 'Sillick', '2005-11-18'),
(858, 'Lennie', 'McCarty', '1996-02-04'),
(859, 'Beckie', 'Trowl', '1999-12-30'),
(860, 'Erda', 'Bastock', '2005-11-18'),
(861, 'Raymond', 'Wolvey', '2001-04-01'),
(862, 'Nara', 'Tutchener', '1996-09-12'),
(863, 'Alvis', 'Woodcroft', '1996-05-18'),
(864, 'Blair', 'Offield', '2002-12-31'),
(865, 'Devlin', 'Chmarny', '2005-11-01'),
(866, 'Cherin', 'Lomaz', '1998-11-07'),
(867, 'Krisha', 'End', '2005-06-13'),
(868, 'Griselda', 'Shirer', '2006-12-07'),
(869, 'Pepillo', 'Gerg', '1995-08-24'),
(870, 'Wilbur', 'Jestico', '2004-06-13'),
(871, 'Julieta', 'Doel', '1992-11-13'),
(872, 'Dene', 'Batey', '2001-01-26'),
(873, 'Gal', 'Fearnill', '2002-01-09'),
(874, 'Randene', 'Riep', '2003-09-19'),
(875, 'Letta', 'Lauret', '1991-06-24'),
(876, 'Gibby', 'Hembry', '1998-02-16'),
(877, 'Juditha', 'Priestland', '1991-03-11'),
(878, 'Nils', 'Spadari', '2001-09-12'),
(879, 'Conant', 'Skellorne', '2010-10-03'),
(880, 'Genia', 'Paynton', '2009-01-03'),
(881, 'Faye', 'Mazzilli', '1993-10-23'),
(882, 'Paten', 'Boulsher', '2008-04-03'),
(883, 'Frans', 'Smithin', '1996-01-10'),
(884, 'Carola', 'Samudio', '1997-04-26'),
(885, 'Alexio', 'Accum', '2009-09-09'),
(886, 'Klara', 'Heardman', '2008-06-15'),
(887, 'Sonni', 'Dilleston', '1995-04-02'),
(888, 'Modesty', 'Yousef', '2010-05-07'),
(889, 'Theodore', 'Gwyllt', '1996-11-16'),
(890, 'Essie', 'Klimowski', '1997-05-10'),
(891, 'Jayson', 'Filippi', '1998-09-25'),
(892, 'Jephthah', 'Learmond', '2005-02-01'),
(893, 'Dacy', 'Harvatt', '2003-06-23'),
(894, 'Harv', 'Kervin', '2001-04-25'),
(895, 'Marcellina', 'McQuilliam', '2004-02-19'),
(896, 'Jo', 'Juckes', '2007-04-25'),
(897, 'Gibby', 'Croser', '1991-09-19'),
(898, 'Faina', 'Ferreri', '1997-05-21'),
(899, 'Felike', 'Pontefract', '2010-02-26'),
(900, 'Gerardo', 'Benion', '2001-12-09'),
(901, 'Lotti', 'Upchurch', '1993-07-05'),
(902, 'Karlie', 'Petre', '1995-09-27'),
(903, 'Shae', 'Hazeldene', '2001-03-28'),
(904, 'Yelena', 'Hallewell', '1991-09-01'),
(905, 'Ronnie', 'Matityahu', '2010-03-19'),
(906, 'Bruno', 'Gilpin', '1999-04-17'),
(907, 'Tiffie', 'Smeeton', '1994-09-13'),
(908, 'Dreddy', 'Benediktsson', '1996-05-21'),
(909, 'Nathanial', 'Dallewater', '1993-02-01'),
(910, 'Tito', 'Bounds', '1993-01-21'),
(911, 'Lamont', 'McGlone', '1991-04-21'),
(912, 'Fey', 'Oates', '2002-02-08'),
(913, 'Gloriane', 'Blaydes', '1995-03-05'),
(914, 'Ferdie', 'Cordingly', '1993-02-21'),
(915, 'Dinah', 'Brenstuhl', '2009-07-20'),
(916, 'Ellynn', 'Barnwill', '1994-08-25'),
(917, 'Sianna', 'Campaigne', '2003-08-23'),
(918, 'Emilio', 'Roblin', '1999-08-10'),
(919, 'Bridie', 'Gircke', '1996-02-04'),
(920, 'Idalina', 'Pretty', '1991-03-21'),
(921, 'Clarisse', 'Proom', '2001-08-27'),
(922, 'Gillan', 'Rapier', '1998-03-20'),
(923, 'Dick', 'Erlam', '1992-11-29'),
(924, 'Llewellyn', 'Sweetland', '2005-05-10'),
(925, 'Randi', 'Gligori', '2007-03-22'),
(926, 'Kahlil', 'Barrus', '1995-09-18'),
(927, 'Abbie', 'Drayton', '2001-08-25'),
(928, 'Judye', 'Simounet', '2009-09-11'),
(929, 'Clemmy', 'O\'Curran', '1996-12-31'),
(930, 'Brunhilde', 'Asey', '2001-11-20'),
(931, 'Trude', 'Westmoreland', '1994-03-16'),
(932, 'Kenon', 'Fritzer', '2003-04-15'),
(933, 'Geneva', 'Lightbody', '1994-02-02'),
(934, 'Jody', 'Darey', '2005-01-18'),
(935, 'Alex', 'Terney', '1993-02-28'),
(936, 'Sacha', 'Olcot', '2002-05-31'),
(937, 'Zebulen', 'Hawarden', '1994-10-28'),
(938, 'Creigh', 'Mathevon', '1994-04-30'),
(939, 'Dacy', 'Hegden', '2010-02-24'),
(940, 'Pierce', 'Moynham', '2000-06-10'),
(941, 'Elia', 'McTrusty', '1991-02-28'),
(942, 'Rinaldo', 'Collecott', '1991-07-06'),
(943, 'Mari', 'Mumbeson', '2010-04-20'),
(944, 'Bone', 'Kemmons', '1991-09-11'),
(945, 'Rolland', 'Dulen', '1998-09-09'),
(946, 'Anabal', 'Whitcher', '2010-03-08'),
(947, 'Marga', 'Ambridge', '2001-02-20'),
(948, 'Barnaby', 'Joules', '2004-04-10'),
(949, 'Garvey', 'Playhill', '2006-11-19'),
(950, 'Astrix', 'Terry', '2005-05-03'),
(951, 'Krissie', 'Copin', '2002-02-07'),
(952, 'Sigmund', 'Bircher', '2003-06-16'),
(953, 'De witt', 'Chettoe', '2009-07-26'),
(954, 'Christie', 'Larchiere', '1997-05-30'),
(955, 'Caleb', 'Giacomasso', '2001-08-16'),
(956, 'Kary', 'Faraker', '1998-03-24'),
(957, 'Lanny', 'Keirl', '2006-02-05'),
(958, 'Rosalinde', 'Widdocks', '2002-10-19'),
(959, 'Jehanna', 'Kits', '1995-11-28'),
(960, 'Brandyn', 'Coulthurst', '2002-07-26'),
(961, 'Giustina', 'Eberlein', '1994-07-29'),
(962, 'Ag', 'Krug', '1997-02-11'),
(963, 'Kinsley', 'Worham', '2000-05-11'),
(964, 'Darby', 'Drackford', '1995-08-29'),
(965, 'Tamar', 'Vasyunkin', '2002-03-22'),
(966, 'Abbie', 'Stollenbeck', '1993-01-11'),
(967, 'Tammi', 'Crocket', '2000-10-01'),
(968, 'Jerald', 'MacCaig', '2006-06-08'),
(969, 'Rodge', 'Pallesen', '2006-01-06'),
(970, 'Regen', 'Bromhead', '2001-06-04'),
(971, 'Myles', 'Lovegrove', '1997-10-08'),
(972, 'Dona', 'Killock', '2003-10-15'),
(973, 'Lukas', 'Lode', '2010-05-20'),
(974, 'Faydra', 'Bagott', '1991-10-25'),
(975, 'Issy', 'Doull', '2008-12-28'),
(976, 'Martguerita', 'Chappel', '2009-10-10'),
(977, 'Clareta', 'Pundy', '1992-05-05'),
(978, 'Corrianne', 'Knaggs', '1996-02-02'),
(979, 'Henri', 'Corradino', '2006-08-27'),
(980, 'Werner', 'Acom', '1998-06-08'),
(981, 'Karna', 'Tomsa', '2005-04-18'),
(982, 'Reagan', 'Andreichik', '2003-12-28'),
(983, 'Gonzalo', 'Gioan', '2010-06-15'),
(984, 'Drake', 'Gouthier', '1992-03-16'),
(985, 'Arvin', 'Cardinal', '1998-08-11'),
(986, 'Corella', 'Radbourne', '2009-07-08'),
(987, 'Lucy', 'Horsewood', '2007-10-28'),
(988, 'Hill', 'Davidsohn', '1991-04-17'),
(989, 'Dewie', 'Vigars', '2004-04-08'),
(990, 'Karalynn', 'Dunkley', '2000-10-14'),
(991, 'Maury', 'Foot', '1996-03-17'),
(992, 'Gunther', 'Pennings', '1997-05-25'),
(993, 'Evin', 'Munkley', '2008-08-18'),
(994, 'Ravid', 'Isaacs', '2001-09-04'),
(995, 'Celeste', 'Pensom', '2009-07-31'),
(996, 'Jonathan', 'Sanchis', '1994-12-29'),
(997, 'Terri-jo', 'Craigmile', '1994-02-05'),
(998, 'Rickard', 'Markova', '2002-02-08'),
(999, 'Carree', 'Godber', '2006-10-21'),
(1000, 'Cathrine', 'Boyat', '2000-01-23'),
(1001, 'Roger', 'Holden', NULL),
(1002, 'Roger', 'Holden', NULL),
(1003, 'Roger', 'Holden', NULL),
(1004, 'Roger', 'Holden', NULL),
(1005, 'Roger', 'Holden', NULL),
(1006, 'Roger', 'Holden', NULL),
(1007, 'Roger', 'Holden', NULL),
(1008, 'Roger', 'Holden', NULL),
(1009, 'Roger', 'Holden', NULL),
(1010, 'Roger', 'Holden', NULL),
(1011, 'Roger', 'Holden', NULL),
(1012, 'Roger', 'Holden', NULL),
(1013, 'Roger', 'Holden', NULL),
(1014, 'Roger', 'Holden', NULL);

-- --------------------------------------------------------

--
-- Table structure for table `team`
--

CREATE TABLE `team` (
  `id` int NOT NULL,
  `name` varchar(50) COLLATE utf8mb4_general_ci DEFAULT NULL
) ENGINE=InnoDB DEFAULT CHARSET=utf8mb4 COLLATE=utf8mb4_general_ci;

--
-- Dumping data for table `team`
--

INSERT INTO `team` (`id`, `name`) VALUES
(1, 'Graksop'),
(2, 'Chengdong'),
(3, 'Gangu Chengguanzhen'),
(4, 'Cerkvenjak'),
(5, 'Ambovombe'),
(6, 'Bandaran'),
(7, 'Kipushi'),
(8, 'Sauri'),
(9, 'Malway'),
(10, 'Cha-am'),
(11, 'Juntas'),
(12, 'Comalapa'),
(13, 'Wushi'),
(14, 'Bardīyah'),
(15, 'Shamva'),
(16, 'Vaiņode'),
(17, 'Shiḩan as Suflá'),
(18, 'Rejoso'),
(19, 'Tiko'),
(20, 'Carcavelos'),
(21, 'Hujiaying'),
(22, 'Guanyao'),
(23, 'Gaozhou'),
(24, 'Villeneuve-sur-Lot'),
(25, 'Apopa'),
(26, 'Tercena'),
(27, 'Naagas'),
(28, 'Campamento'),
(29, 'Guápiles'),
(30, 'Berkovitsa'),
(31, 'Río Ceballos'),
(32, 'Gumel'),
(33, 'Bangus Kulon'),
(34, 'Milagros'),
(35, 'Pleszew'),
(36, 'Huili Chengguanzhen'),
(37, 'Kauman'),
(38, 'Andou'),
(39, 'Al Ma‘allā’'),
(40, 'Jiangchang'),
(41, 'København'),
(42, 'Guruafin'),
(43, 'Wŏnsan'),
(44, 'Kouzhen'),
(45, 'Guishan'),
(46, 'Soweto'),
(47, 'Jarada'),
(48, 'Priyutovo'),
(49, 'Sunne'),
(50, 'Anseong'),
(51, 'Gradec'),
(52, 'Štoky'),
(53, 'Youxi'),
(54, 'Tampere'),
(55, 'Āstārā'),
(56, 'Pontevedra'),
(57, 'Águas'),
(58, 'Kabalo'),
(59, 'Srpska Crnja'),
(60, 'Huaqiu'),
(61, 'Néa Róda'),
(62, 'Lyon'),
(63, 'Schaumburg'),
(64, 'Bremerhaven'),
(65, 'Ouro Preto'),
(66, 'Malbork'),
(67, 'Skinnskatteberg'),
(68, 'Bayang'),
(69, 'Parelhas'),
(70, 'Raemude'),
(71, 'Panyam'),
(72, 'Kėdainiai'),
(73, 'Orzu'),
(74, 'Kavallári'),
(75, 'El Progreso'),
(76, 'Las Terrenas'),
(77, 'Jaša Tomić'),
(78, 'Monte'),
(79, 'Santa Catalina'),
(80, 'Chimbote'),
(81, 'El Fasher'),
(82, 'Fengmen'),
(83, 'Balung Barat'),
(84, 'Sapiranga'),
(85, 'Suidong'),
(86, 'Ban Mo'),
(87, 'Quận Phú Nhuận'),
(88, 'Povenets'),
(89, 'Mikulintsy'),
(90, 'Taling Chan'),
(91, 'Sernur'),
(92, 'Cheongju-si'),
(93, 'Kyrylivka'),
(94, 'Lidingö'),
(95, 'Korotych'),
(96, 'Qinglin'),
(97, 'Sumurwaru'),
(98, 'Krajan Puru'),
(99, 'Arlington'),
(100, 'Xilin'),
(101, 'Žulová'),
(102, 'Otaslavice'),
(103, 'Khulm'),
(104, 'Murça'),
(105, 'Yarmolyntsi'),
(106, 'Araouane'),
(107, 'Kampene'),
(108, 'Tianyuan'),
(109, 'Tsévié'),
(110, 'Nantes'),
(111, 'Montauban'),
(112, 'Francisco Villa'),
(113, 'Mandalasari'),
(114, 'Yangju'),
(115, 'Motupe'),
(116, 'Llalli'),
(117, 'Anguil'),
(118, 'Halmstad'),
(119, 'Rude'),
(120, 'Águia Branca'),
(121, 'Aguas del Padre'),
(122, 'Bačka Palanka'),
(123, 'Jintun'),
(124, 'Ogawa'),
(125, 'Helsingborg'),
(126, 'Gaofeng'),
(127, 'Klášterec nad Ohří'),
(128, 'Tanjungluar'),
(129, 'Velikiy Novgorod'),
(130, 'Lebedyn'),
(131, 'Montecarlo'),
(132, 'Aguazul'),
(133, 'Dubki'),
(134, 'Obollo-Afor'),
(135, 'Qazax'),
(136, 'Tall Ḩamīs'),
(137, 'Krasnokholm'),
(138, 'Marapanim'),
(139, 'Philadelphia'),
(140, 'Caicedonia'),
(141, 'La Escondida'),
(142, 'Markaz al Marīr'),
(143, 'Rybí'),
(144, 'Kauit'),
(145, 'Petäjävesi'),
(146, 'Gaspra'),
(147, 'Stamford'),
(148, 'Petushki'),
(149, 'Wola Rębkowska'),
(150, 'Reutov'),
(151, 'Timiryazevo'),
(152, 'Aguaí'),
(153, 'Yalkhoy-Mokhk'),
(154, 'Žagarė'),
(155, 'Lewolang'),
(156, 'Itaúna'),
(157, 'Tsingoni'),
(158, 'Shinjō'),
(159, 'Guangpu'),
(160, 'Chelopech'),
(161, 'Bous'),
(162, 'Sumisip'),
(163, 'Longgang'),
(164, 'Baizhang'),
(165, 'Al Khawkhah'),
(166, 'Štítina'),
(167, 'Lekas'),
(168, 'Emalgolin Mongolzuxiang'),
(169, 'Rancapanjang'),
(170, 'Babug'),
(171, 'Créteil'),
(172, 'Tabwakea Village'),
(173, 'Tanggung'),
(174, 'Suwaru'),
(175, 'Pedamaran'),
(176, 'Vallehermoso'),
(177, 'Ilići'),
(178, 'Guohe'),
(179, 'Campok'),
(180, 'Taoshan'),
(181, 'Uppsala'),
(182, 'Lembursawah'),
(183, 'Caper'),
(184, 'Lelystad'),
(185, 'Seririt'),
(186, 'Cametá'),
(187, 'Cerro'),
(188, 'Skała'),
(189, 'Yetang'),
(190, 'Łaskarzew'),
(191, 'Bourg-en-Bresse'),
(192, 'Al Mālikīyah'),
(193, 'Gryfino'),
(194, 'Neuzina'),
(195, 'Salamanca'),
(196, 'Nangerang'),
(197, 'Linköping'),
(198, 'Yuzawa'),
(199, 'Kiaranonggeng'),
(200, 'Lovrenc na Pohorju'),
(201, 'Colcabamba'),
(202, 'Yoiqag'),
(203, 'Ekerö'),
(204, 'Dan Sadau'),
(205, 'Ivanovo'),
(206, 'Voinjama'),
(207, 'Novomichurinsk'),
(208, 'Lizhai'),
(209, 'eMbalenhle'),
(210, 'Riangblolong'),
(211, 'Fengle'),
(212, 'Чучер - Сандево'),
(213, 'Laiya'),
(214, 'Carpentras'),
(215, 'Naivasha'),
(216, 'Annino'),
(217, 'Horten'),
(218, 'Dongchuan'),
(219, 'Wādī al ‘Uyūn'),
(220, 'Dumalneg'),
(221, 'Laspezia'),
(222, 'Rucava'),
(223, 'Herong'),
(224, 'Stockholm'),
(225, 'Bayanbulag'),
(226, 'Bangunsari'),
(227, 'Huze'),
(228, 'Bedayu'),
(229, 'Stockholm'),
(230, 'Tabor'),
(231, 'Buin'),
(232, 'Stanari'),
(233, 'Płock'),
(234, 'Tai Po'),
(235, 'Kerrouchen'),
(236, 'Orly'),
(237, 'Limache'),
(238, 'Villa Ojo de Agua'),
(239, 'Oele'),
(240, 'Ciechanowiec'),
(241, 'Kyaikto'),
(242, 'Girijaya'),
(243, 'Taihe'),
(244, 'Shanggan'),
(245, 'Bordeaux'),
(246, 'Cordeirópolis'),
(247, 'Totoras'),
(248, 'Mawza‘'),
(249, 'Binulasan'),
(250, 'Omišalj'),
(251, 'Gia Nghĩa'),
(252, 'Gongrong'),
(253, 'Brejos'),
(254, 'Reckange-sur-Mess'),
(255, 'Darmasari'),
(256, 'Cluses'),
(257, 'Siteía'),
(258, 'Lewodoli'),
(259, 'Ntaur Satu'),
(260, 'Saint-Pierre'),
(261, 'Siedlce'),
(262, 'Xinsheng'),
(263, 'Al Jīzah'),
(264, 'San Jacinto'),
(265, 'Gastoúni'),
(266, 'Kyaiklat'),
(267, 'Ndibène Dahra'),
(268, 'Ibaté'),
(269, 'Toksovo'),
(270, 'Tanda'),
(271, 'Khursā'),
(272, 'Łaziska Górne'),
(273, 'Lishu'),
(274, 'Cifuentes'),
(275, 'Jianzhatan'),
(276, 'Alès'),
(277, 'Colonia Elisa'),
(278, 'Al Karmil'),
(279, 'Matsubara'),
(280, 'Rantīs'),
(281, 'Francisco J Mujica'),
(282, 'Las Vegas'),
(283, 'Tha Ruea'),
(284, 'Kaga Bandoro'),
(285, 'Even Yehuda'),
(286, 'Sagua de Tánamo'),
(287, 'Léchovo'),
(288, 'Göteborg'),
(289, 'Sanqishi'),
(290, 'Bella Vista'),
(291, 'Banjar Kawan'),
(292, 'Bromma'),
(293, 'Cesson-Sévigné'),
(294, 'Mouhijärvi'),
(295, 'Mesker-Yurt'),
(296, 'Salcedo'),
(297, 'Novo Horizonte'),
(298, 'Cangshan'),
(299, 'Cagayan'),
(300, 'Wushi'),
(301, 'Mendes'),
(302, 'Xêgar'),
(303, 'Ocho Rios'),
(304, 'Shuangzhu'),
(305, 'Yinghai'),
(306, 'Ciorescu'),
(307, 'Oguta'),
(308, 'Shilipu'),
(309, 'Rajūzah'),
(310, 'Daitou'),
(311, 'Mueang Nonthaburi'),
(312, 'La Playosa'),
(313, 'Atlanta'),
(314, 'Chase'),
(315, 'Thị Trấn Mỹ Lộc'),
(316, 'Torbeyevo'),
(317, 'San Andrés Villa Seca'),
(318, 'Lufang'),
(319, 'Lidingö'),
(320, 'Wangkung'),
(321, 'Ḩājī Khēl'),
(322, 'Nanshe'),
(323, 'Humen'),
(324, 'Jiangxi'),
(325, 'Kayasula'),
(326, 'Fortios'),
(327, 'Springfield'),
(328, 'Rumilly'),
(329, 'Kobylí'),
(330, 'Biancheng'),
(331, 'Minamata'),
(332, 'Ibotirama'),
(333, 'Kawangkoan'),
(334, 'Karangtanjung'),
(335, 'Cabalaoangan'),
(336, 'Dadu'),
(337, 'Song’ao'),
(338, 'Swiętajno'),
(339, 'Talisayan'),
(340, 'Balally'),
(341, 'Nantes'),
(342, 'Yingchengzi'),
(343, 'Starý Bohumín'),
(344, 'Tarimbang'),
(345, 'Algoz'),
(346, 'Ipatinga'),
(347, 'Gondar'),
(348, 'Chengmagang'),
(349, 'Katima Mulilo'),
(350, 'Suai'),
(351, 'Taoudenni'),
(352, 'Quảng Yên'),
(353, 'Puerto Alto'),
(354, 'Miras'),
(355, 'Tangjiawan'),
(356, 'Bacuyangan'),
(357, 'Āl Ma‘ūdah'),
(358, 'Boavista'),
(359, 'Laholm'),
(360, 'Pilot Butte'),
(361, 'Port Moody'),
(362, 'Vareš'),
(363, 'Montilla'),
(364, 'Nesovice'),
(365, 'Valleymount'),
(366, 'Kāshmar'),
(367, 'Mojoroto'),
(368, 'Nong Bua Daeng'),
(369, 'Wulijie'),
(370, 'Jianxi'),
(371, 'Cherëmukhovo'),
(372, 'Memphis'),
(373, 'Kochani'),
(374, 'Nevesinje'),
(375, 'Huangbayi'),
(376, 'Danzi'),
(377, 'Libu'),
(378, 'Sakassou'),
(379, 'Xiancun'),
(380, 'Fengqiao'),
(381, 'Baliuag'),
(382, 'Tal’ne'),
(383, 'Kapsan-ŭp'),
(384, 'La Tour-du-Pin'),
(385, 'Shuangfeng'),
(386, 'Henan’an'),
(387, '‘Anat al Qadīmah'),
(388, 'Nangen'),
(389, 'Nīca'),
(390, 'Youdian'),
(391, 'Skhira'),
(392, 'Blizne'),
(393, 'Tangwei'),
(394, 'San Jerónimo'),
(395, 'Itápolis'),
(396, 'Angkahgede'),
(397, 'Iranduba'),
(398, 'Poiares'),
(399, 'Kalapagada'),
(400, '\'s-Hertogenbosch'),
(401, 'Al Ḩarf'),
(402, 'Ābdānān'),
(403, 'Huangtu'),
(404, 'Evijärvi'),
(405, 'Libertad'),
(406, 'Heshui'),
(407, 'Liancheng'),
(408, 'Libas'),
(409, 'Xiheshan'),
(410, 'Nioro'),
(411, 'Zapala'),
(412, 'Lymanske'),
(413, 'Rikitgaib'),
(414, 'Itaocara'),
(415, 'Ţawr al Bāḩah'),
(416, 'Dailekh'),
(417, 'Santiago'),
(418, 'Socabaya'),
(419, 'Stockholm'),
(420, 'Jesenice'),
(421, 'Boshof'),
(422, 'Mapalacsiao'),
(423, 'La Rochelle'),
(424, 'Klapagading'),
(425, 'Velká Bystřice'),
(426, 'Ansheng'),
(427, 'Shimen'),
(428, 'Pamatang'),
(429, 'Herīs'),
(430, 'Masḩah'),
(431, 'Leramatang'),
(432, 'Privlaka'),
(433, 'Biltine'),
(434, 'Wanshan'),
(435, 'Los Pinos'),
(436, 'Boljoon'),
(437, 'Yidu'),
(438, 'Caigangan'),
(439, 'Mintian'),
(440, 'Karvia'),
(441, 'Caspisapa'),
(442, 'Galle'),
(443, 'Gaphatshwe'),
(444, 'Sai’erlong Xiang'),
(445, 'Tintafor'),
(446, 'Akhaldaba'),
(447, 'Hartswater'),
(448, 'Oberá'),
(449, 'Parthenay'),
(450, 'Pingshanhu'),
(451, 'Huangbayi'),
(452, 'Janikowo'),
(453, 'Winterthur'),
(454, 'Thomassique'),
(455, 'Zhili'),
(456, 'Drummondville'),
(457, 'Sulahan'),
(458, 'Xiangxi'),
(459, 'Buenos Aires'),
(460, 'Qilin'),
(461, 'Nusajaya'),
(462, 'Pampas'),
(463, 'Maní'),
(464, 'Guatraché'),
(465, 'Bengubelan'),
(466, 'Sasebo'),
(467, 'Shaogongzhuang'),
(468, 'Chongqing'),
(469, 'Ystad'),
(470, 'Jamundí'),
(471, 'Miaotou'),
(472, 'Cabog'),
(473, 'Monte Mor'),
(474, 'San Felipe'),
(475, 'Pare'),
(476, 'Parfino'),
(477, 'Los Andes'),
(478, 'Sucun'),
(479, 'Tylicz'),
(480, 'Ea T’ling'),
(481, 'Poykovskiy'),
(482, 'Plérin'),
(483, 'Canhestros'),
(484, 'Tanjungbalai'),
(485, 'Älvängen'),
(486, 'Dhamār'),
(487, 'Langxi'),
(488, 'Seara'),
(489, 'Al Manshāh'),
(490, 'Talalora'),
(491, 'Chiscas'),
(492, 'Feikeng'),
(493, 'Rionegro'),
(494, 'Hengshui'),
(495, 'Sidaohezi'),
(496, 'Buritama'),
(497, 'Borovskiy'),
(498, 'Tonoas Municipal Building'),
(499, 'Yuyue'),
(500, 'Luoxiong'),
(501, 'Marte'),
(502, 'Omišalj'),
(503, 'Velykoploske'),
(504, 'Tullinge'),
(505, 'Sucun'),
(506, 'Góra'),
(507, 'Parys'),
(508, 'Évry'),
(509, 'Bedadung Kulon'),
(510, 'Alvaro Obregon'),
(511, 'Bendan'),
(512, 'Shuitian'),
(513, 'Ilesa'),
(514, 'New Orleans'),
(515, 'Henglin'),
(516, 'Dainan'),
(517, 'Lianokládhion'),
(518, 'Huanan'),
(519, 'Podsineye'),
(520, 'Changzhi'),
(521, 'Santo Domingo Este'),
(522, 'Yuanguping'),
(523, 'Altunemil'),
(524, 'Nyandoma'),
(525, 'Czarne'),
(526, 'Paraíso'),
(527, 'Pakisaji'),
(528, 'Matsushima'),
(529, 'Bojano'),
(530, 'Iznoski'),
(531, 'Murça'),
(532, 'Gulou'),
(533, 'Yongfeng'),
(534, 'Huchang'),
(535, 'Borbon'),
(536, 'Companhia de Baixo'),
(537, 'Kotes'),
(538, 'Huoli'),
(539, 'Luzhi'),
(540, 'Listvyanka'),
(541, 'Jingnao'),
(542, 'Västerås'),
(543, 'Antsirabe'),
(544, 'Saint Louis'),
(545, 'Kayukembang'),
(546, 'Gómez'),
(547, 'Jardín América'),
(548, 'Beiguoyuan'),
(549, 'Solsona'),
(550, 'Kvasice'),
(551, 'Nishi-Tokyo-shi'),
(552, 'Kindersley'),
(553, 'Cagayan'),
(554, 'Madrid'),
(555, 'Yankou'),
(556, 'Cimaragas'),
(557, 'Coromandel'),
(558, 'Tongmuluo'),
(559, 'Hayes'),
(560, 'Banjar Danginsema'),
(561, 'Turośń Kościelna'),
(562, 'Monastyryshche'),
(563, 'Granja'),
(564, 'Penalva de Alva'),
(565, 'Wilkowice'),
(566, 'Al Fashn'),
(567, 'Toledo'),
(568, 'Dingjia'),
(569, 'Dmitriyevka'),
(570, 'Wuyang'),
(571, 'Jinping'),
(572, 'Al Jahrā’'),
(573, 'Labo'),
(574, 'La Ceja'),
(575, 'Gibato'),
(576, 'La Unión'),
(577, 'Upig'),
(578, 'Boaco'),
(579, 'San Manuel Chaparrón'),
(580, 'Lengkongsari'),
(581, 'Dongjiao'),
(582, 'Nanao'),
(583, 'Alvaiázere'),
(584, 'Białaczów'),
(585, 'Canturay'),
(586, 'Shuicha'),
(587, 'Dayton'),
(588, 'Pamedilan'),
(589, 'Kamionka'),
(590, 'Sucre'),
(591, 'Little Rock'),
(592, 'Zhaiwu'),
(593, 'Muhos'),
(594, 'Kranjska Gora'),
(595, 'Jibu'),
(596, 'Challhuahuacho'),
(597, 'Montenegro'),
(598, 'Xiuying'),
(599, 'Pagarbatu'),
(600, 'Hexi'),
(601, 'Nangalimang'),
(602, 'Ševica'),
(603, 'Kut Chum'),
(604, 'Shuangyuan'),
(605, 'Magisterial'),
(606, 'Meijiahe'),
(607, 'Monteros'),
(608, 'Guinticgan'),
(609, 'Xiongji'),
(610, 'Oslo'),
(611, 'Telagasari'),
(612, 'Sedayulawas'),
(613, 'Punaauia'),
(614, 'Choco'),
(615, 'Cherepovets'),
(616, 'Draguignan'),
(617, 'Panevėžys'),
(618, 'Gaohu'),
(619, 'Quatá'),
(620, 'Merik'),
(621, 'San Jerónimo'),
(622, 'Beaconsfield'),
(623, 'Grand Sable'),
(624, 'Gandara'),
(625, 'Örgön'),
(626, 'Haiyu'),
(627, 'Rat Burana'),
(628, 'Trzebieszów'),
(629, 'Bida'),
(630, 'Cizhu'),
(631, 'Kobilje'),
(632, 'Sasaguri'),
(633, 'Nueva Imperial'),
(634, 'Cañazas'),
(635, 'Tres Isletas'),
(636, 'Zhangdian'),
(637, 'Novopavlovsk'),
(638, 'Kikerino'),
(639, 'Dapchi'),
(640, 'Madīnat Ḩamad'),
(641, 'Amalfi'),
(642, 'Jindayris'),
(643, 'Zall-Herr'),
(644, 'Bořetice'),
(645, 'Uberlândia'),
(646, 'Bajiao'),
(647, 'Niquinohomo'),
(648, 'Sandata'),
(649, 'Choloma'),
(650, 'Sufang'),
(651, 'Quintã'),
(652, 'Prata'),
(653, 'Piedrancha'),
(654, 'Kleszczewo'),
(655, 'Saari'),
(656, 'Sępólno Krajeńskie'),
(657, 'Gandu'),
(658, 'San Martin'),
(659, 'Abraham’s Bay'),
(660, 'Kafir Qala'),
(661, 'Świętochłowice'),
(662, 'München'),
(663, 'Dayuan'),
(664, 'Longxing'),
(665, 'Shenkou'),
(666, 'Karak City'),
(667, 'Tríkeri'),
(668, 'Telouet'),
(669, 'Huarancante'),
(670, 'Qianzhou'),
(671, 'Lasehao'),
(672, 'Trollhättan'),
(673, 'Zhongzhang'),
(674, 'Thung Yang Daeng'),
(675, 'Pindi Bhattiān'),
(676, 'Jinjiang'),
(677, 'Batusangkar'),
(678, 'Biograd na Moru'),
(679, 'Xiasi'),
(680, 'Campo de la Cruz'),
(681, 'Limoges'),
(682, 'Kostanay'),
(683, 'Świętajno'),
(684, 'Ustrzyki Dolne'),
(685, 'Räpina'),
(686, 'Arendal'),
(687, 'Daping'),
(688, 'Taisen-ri'),
(689, 'Rattanawapi'),
(690, 'Jindaoxia'),
(691, 'Vahdat'),
(692, 'Lais'),
(693, 'El Olivar'),
(694, 'São João del Rei'),
(695, 'Selorejo'),
(696, 'Lewotola'),
(697, 'Barakī Barak'),
(698, 'Lāmerd'),
(699, 'Malaya Purga'),
(700, 'Kelo'),
(701, 'Olupona'),
(702, 'Lyozna'),
(703, 'Lamphun'),
(704, 'Krajanbonjor'),
(705, 'Baghdad'),
(706, 'Neni'),
(707, 'Punaauia'),
(708, 'Kiukasen'),
(709, 'Gia Ray'),
(710, 'Ageoshimo'),
(711, 'Borås'),
(712, 'Fulin'),
(713, 'Curahkalak Tengah'),
(714, 'Gierłoż'),
(715, 'Ntobo'),
(716, 'Siguqiao'),
(717, 'Vila de Rei'),
(718, 'Umeå'),
(719, 'Vũng Tàu'),
(720, 'White City'),
(721, 'Cisiec'),
(722, 'Cigembong'),
(723, 'Podbuzh'),
(724, 'Netrakona'),
(725, 'Kyzylorda'),
(726, 'Tambak'),
(727, 'Siwalan'),
(728, 'Hingatungan'),
(729, 'Lyubech'),
(730, 'London'),
(731, 'Rila'),
(732, 'Huiqi'),
(733, 'Hāfizābād'),
(734, 'Angono'),
(735, 'Masjid'),
(736, 'Wudabao'),
(737, 'Salaspils'),
(738, 'Mellieħa'),
(739, 'Aūa'),
(740, 'Lidköping'),
(741, 'Shaoguan'),
(742, 'Býšť'),
(743, 'Baghlān'),
(744, 'Medaya'),
(745, 'Shendang'),
(746, 'Dodu Dua'),
(747, 'Chengdong'),
(748, 'Sucre'),
(749, 'Danyang'),
(750, 'Luhe'),
(751, 'Cibeureum'),
(752, 'Uppsala'),
(753, 'Banzhong'),
(754, 'Benešov nad Černou'),
(755, 'Stebnyk'),
(756, 'Yabrūd'),
(757, 'Pindobaçu'),
(758, 'Bhalwāl'),
(759, 'Sterlitamak'),
(760, 'Bugis'),
(761, 'Clifden'),
(762, 'Ise'),
(763, 'Oxelösund'),
(764, 'San Bernardino'),
(765, 'Cikalong'),
(766, 'Krajan Timur Suger Kidul'),
(767, 'Guanzhou'),
(768, 'Bologna'),
(769, 'Waeng Yai'),
(770, 'Zhongchao'),
(771, 'Tingo María'),
(772, 'Ayia Napa'),
(773, 'Xianlin'),
(774, 'Sovetskaya'),
(775, 'Rantaupanjang'),
(776, 'Palmas Bellas'),
(777, 'Sydney'),
(778, 'Palaífyto'),
(779, 'Op'),
(780, 'Soanierana Ivongo'),
(781, 'Lagodekhi'),
(782, 'Chambellan'),
(783, 'Sebewe'),
(784, 'Miyoshi'),
(785, 'Svetlyy Yar'),
(786, 'Brest'),
(787, 'Rio de Moinhos'),
(788, 'Horki'),
(789, 'Marteleira'),
(790, 'Mortka'),
(791, 'Mar’ina Roshcha'),
(792, 'Bicesse'),
(793, 'Yuto'),
(794, 'Ciro Redondo'),
(795, 'Llipa'),
(796, 'Mundolsheim'),
(797, 'Krajan'),
(798, 'Talisay'),
(799, 'Yangjiao'),
(800, 'Dulce Nombre de Culmí'),
(801, 'Pojok'),
(802, 'Le Cannet'),
(803, 'Rado'),
(804, 'Béré'),
(805, 'Richmond'),
(806, 'Kushnarënkovo'),
(807, 'Pluak Daeng'),
(808, 'Issy-les-Moulineaux'),
(809, 'Los Mangos'),
(810, 'San Antonio'),
(811, 'Szczawno-Zdrój'),
(812, 'Gonghe'),
(813, 'Cruzeiro'),
(814, 'Ad Dasmah'),
(815, 'Sipocot'),
(816, 'Nanmuping'),
(817, 'Cipanggung'),
(818, 'Dzüünkharaa'),
(819, 'Drosiá'),
(820, 'Lívingston'),
(821, 'Safonovo'),
(822, 'Tianzhuang'),
(823, 'Yushugou'),
(824, 'Aldeia da Piedade'),
(825, 'Campina Grande do Sul'),
(826, 'Jarānwāla'),
(827, 'Toutosa'),
(828, 'Viçosa'),
(829, 'Chmielno'),
(830, 'Liping'),
(831, 'Passo'),
(832, 'Khanabad'),
(833, 'Trzebnica'),
(834, 'Kalibunder'),
(835, 'Panggunguni'),
(836, 'Lat Lum Kaeo'),
(837, 'Wuyang'),
(838, 'Nzega'),
(839, 'Winton'),
(840, 'Lumil'),
(841, 'Unity'),
(842, 'San Diego'),
(843, 'Calauan'),
(844, 'Khon San'),
(845, 'Watergrasshill'),
(846, 'Quípama'),
(847, 'Zeleneč'),
(848, 'Nouméa'),
(849, 'Babakan Baru'),
(850, 'Cibitung'),
(851, 'Všetaty'),
(852, 'Jiantou'),
(853, 'Red Hill'),
(854, 'Jiangpan'),
(855, 'Düsseldorf'),
(856, 'Město Albrechtice'),
(857, 'Krajanbonjor'),
(858, 'Gouxaria'),
(859, 'Huerta Grande'),
(860, 'Besuk Selatan'),
(861, 'Patpata Segundo'),
(862, 'Nangela'),
(863, 'Mílos'),
(864, 'Xuefeng'),
(865, 'Lamphun'),
(866, 'Sotteville-lès-Rouen'),
(867, 'Pianling'),
(868, 'Daitōchō'),
(869, 'Non Sila'),
(870, 'Karmah an Nuzul'),
(871, 'Wenxi'),
(872, 'Chujiang'),
(873, 'Klishkivtsi'),
(874, 'Ciklapa'),
(875, 'Yenakiyeve'),
(876, 'Outjo'),
(877, 'Orahovica Donja'),
(878, 'Tunguang'),
(879, 'Kuršumlija'),
(880, 'Balta'),
(881, 'Nanxing'),
(882, 'Karangturi'),
(883, 'Fontanka'),
(884, 'Kristiansand S'),
(885, 'Tai Po'),
(886, 'Solingen'),
(887, 'Cabanbanan'),
(888, 'Paltamo'),
(889, 'Businga'),
(890, 'Tanjungampalu'),
(891, 'Kilju'),
(892, 'Tawaran'),
(893, 'Lingmen'),
(894, 'Радишани'),
(895, 'Hetian'),
(896, 'Ifanadiana'),
(897, 'Ngeni'),
(898, 'Musanze'),
(899, 'Ciyu'),
(900, 'Koungou'),
(901, 'Zhusha'),
(902, 'Calibutbut'),
(903, 'Pora'),
(904, 'Valky'),
(905, 'Shuangxiqiao'),
(906, 'Nizhnevartovsk'),
(907, 'Uppsala'),
(908, 'Oripää'),
(909, 'Songkan'),
(910, 'Harbour Breton'),
(911, 'Tangkil'),
(912, 'Náklo'),
(913, 'Yancheng'),
(914, 'Baleagung'),
(915, 'Sukawening'),
(916, 'San Agustin'),
(917, 'Lidingö'),
(918, 'Guoyuan'),
(919, 'Cantoria'),
(920, 'Le Bourget-du-Lac'),
(921, 'Puente Nacional'),
(922, 'Bang Pa-in'),
(923, 'Anguil'),
(924, 'San Francisco'),
(925, 'Gornyye Klyuchi'),
(926, 'Chengnan'),
(927, 'Ereencav'),
(928, 'Yizhang Chengguanzhen'),
(929, 'Tosu'),
(930, 'Daliang'),
(931, 'Xinyang'),
(932, 'Ljupina'),
(933, 'Kastav'),
(934, 'Nyurba'),
(935, 'Gharyan'),
(936, 'Sunbu'),
(937, 'Horodok'),
(938, 'Tianzhuang'),
(939, 'Varberg'),
(940, 'Puyuan'),
(941, 'Holboo'),
(942, 'Maubara'),
(943, 'Hoàn Kiếm'),
(944, 'Pulautemiang'),
(945, 'Xiachengzi'),
(946, 'Prao'),
(947, 'Mayingzhuang'),
(948, 'Terenozek'),
(949, 'La Agustina'),
(950, 'Yingcui'),
(951, 'Cibolang'),
(952, 'Gaoling'),
(953, 'Miyata'),
(954, 'Tempaling'),
(955, 'Baiima'),
(956, 'Şabāḩ as Sālim'),
(957, 'Karanganyar'),
(958, 'Saint David’s'),
(959, 'Xiaolou'),
(960, 'Bāqim as Sūq'),
(961, 'Agenebode'),
(962, 'Sandy Bay'),
(963, 'Massenya'),
(964, 'San Vicente'),
(965, 'Ecroignard'),
(966, 'Siepraw'),
(967, 'Piojó'),
(968, 'Hebu'),
(969, 'Luoqiao'),
(970, 'Pinggirsari'),
(971, 'Slutsk'),
(972, 'Sparwood'),
(973, 'Vimmerby'),
(974, 'Grand Sable'),
(975, 'Borok'),
(976, 'Nanganga'),
(977, 'Baruunsuu'),
(978, 'Venda Nova'),
(979, 'Buseresere'),
(980, 'Santa'),
(981, 'Padangan'),
(982, 'Nizhniy Kurkuzhin'),
(983, 'Bayan Gol'),
(984, 'Juatuba'),
(985, 'Sapporo'),
(986, 'Zhangshui'),
(987, 'Langkapcaang Hilir'),
(988, 'Tsyelyakhany'),
(989, 'Tamiso'),
(990, 'Yonglong'),
(991, 'Maloma'),
(992, 'Rubizhne'),
(993, 'Ciwaru'),
(994, 'Maojiadian'),
(995, 'Črenšovci'),
(996, 'Zerok-Alakadari'),
(997, 'Guantou'),
(998, 'Balazar'),
(999, 'Monte do Outeiro'),
(1000, 'Hotonj');

-- --------------------------------------------------------

--
-- Table structure for table `teamcaptain`
--

CREATE TABLE `teamcaptain` (
  `id` int NOT NULL,
  `playerid` int DEFAULT NULL,
  `teamid` int DEFAULT NULL
) ENGINE=InnoDB DEFAULT CHARSET=utf8mb4 COLLATE=utf8mb4_general_ci;

--
-- Dumping data for table `teamcaptain`
--

INSERT INTO `teamcaptain` (`id`, `playerid`, `teamid`) VALUES
(2, 34, 26),
(3, 42, 126),
(6, 66, 826),
(5, 337, 264),
(4, 344, 136),
(1, 349, 263),
(8, 456, 726),
(7, 775, 926);

-- --------------------------------------------------------

--
-- Table structure for table `team_player`
--

CREATE TABLE `team_player` (
  `playerid` int DEFAULT NULL,
  `teamid` int DEFAULT NULL,
  `captain` tinyint(1) NOT NULL DEFAULT '0'
) ENGINE=InnoDB DEFAULT CHARSET=utf8mb4 COLLATE=utf8mb4_general_ci;

--
-- Dumping data for table `team_player`
--

INSERT INTO `team_player` (`playerid`, `teamid`, `captain`) VALUES
(52, 247, 0),
(140, 221, 0),
(207, 144, 0),
(166, 94, 0),
(99, 95, 0),
(70, 233, 0),
(42, 138, 0),
(114, 8, 0),
(43, 135, 0),
(144, 154, 0),
(231, 191, 0),
(41, 160, 0),
(16, 78, 0),
(23, 151, 0),
(79, 189, 0),
(31, 110, 0),
(124, 102, 0),
(224, 162, 0),
(34, 229, 0),
(4, 22, 0),
(177, 44, 0),
(67, 145, 0),
(102, 71, 0),
(128, 12, 0),
(244, 85, 0),
(9, 11, 0),
(65, 11, 0),
(114, 120, 0),
(206, 141, 0),
(132, 218, 0),
(203, 249, 0),
(119, 109, 0),
(197, 153, 0),
(54, 148, 0),
(171, 8, 0),
(21, 42, 0),
(230, 5, 0),
(225, 47, 0),
(161, 198, 0),
(106, 195, 0),
(169, 74, 0),
(131, 78, 0),
(131, 171, 0),
(51, 111, 0),
(151, 91, 0),
(137, 7, 0),
(64, 195, 0),
(123, 119, 0),
(132, 123, 0),
(23, 210, 0),
(208, 65, 0),
(129, 237, 0),
(177, 59, 0),
(236, 52, 0),
(106, 175, 0),
(97, 135, 0),
(18, 54, 0),
(203, 79, 0),
(223, 73, 0),
(194, 179, 0),
(54, 197, 0),
(164, 194, 0),
(88, 235, 0),
(108, 50, 0),
(170, 132, 0),
(236, 58, 0),
(51, 190, 0),
(208, 33, 0),
(249, 180, 0),
(48, 184, 0),
(107, 90, 0),
(243, 142, 0),
(201, 87, 0),
(33, 197, 0),
(205, 20, 0),
(236, 218, 0),
(47, 46, 0),
(105, 154, 0),
(102, 78, 0),
(247, 61, 0),
(186, 156, 0),
(184, 114, 0),
(68, 227, 0),
(87, 89, 0),
(190, 35, 0),
(222, 221, 0),
(142, 219, 0),
(96, 207, 0),
(241, 155, 0),
(130, 100, 0),
(102, 215, 0),
(67, 240, 0),
(249, 15, 0),
(76, 44, 0),
(201, 149, 0),
(112, 18, 0),
(95, 175, 0),
(215, 75, 0),
(104, 197, 0),
(75, 78, 0),
(191, 20, 0),
(29, 211, 0),
(235, 33, 0),
(121, 140, 0),
(155, 49, 0),
(229, 66, 0),
(4, 114, 0),
(18, 149, 0),
(89, 125, 0),
(62, 32, 0),
(156, 219, 0),
(59, 51, 0),
(110, 97, 0),
(166, 188, 0),
(200, 157, 0),
(56, 13, 0),
(93, 25, 0),
(208, 114, 0),
(229, 176, 0),
(200, 85, 0),
(134, 85, 0),
(73, 161, 0),
(79, 204, 0),
(230, 89, 0),
(160, 128, 0),
(201, 15, 0),
(173, 250, 0),
(236, 34, 0),
(36, 15, 0),
(213, 59, 0),
(120, 52, 0),
(172, 97, 0),
(230, 37, 0),
(89, 174, 0),
(175, 211, 0),
(167, 49, 0),
(18, 211, 0),
(26, 109, 0),
(89, 102, 0),
(5, 244, 0),
(209, 11, 0),
(90, 176, 0),
(171, 105, 0),
(143, 19, 0),
(61, 248, 0),
(221, 63, 0),
(154, 54, 0),
(75, 228, 0),
(2, 188, 0),
(7, 222, 0),
(140, 126, 0),
(95, 93, 0),
(43, 46, 0),
(1, 18, 0),
(59, 165, 0),
(235, 160, 0),
(98, 8, 0),
(250, 101, 0),
(141, 185, 0),
(59, 193, 0),
(47, 16, 0),
(187, 117, 0),
(66, 38, 0),
(56, 162, 0),
(246, 159, 0),
(104, 194, 0),
(245, 75, 0),
(177, 94, 0),
(247, 5, 0),
(160, 107, 0),
(15, 81, 0),
(69, 50, 0),
(85, 81, 0),
(20, 109, 0),
(88, 58, 0),
(238, 14, 0),
(125, 135, 0),
(52, 150, 0),
(63, 139, 0),
(203, 92, 0),
(176, 46, 0),
(199, 114, 0),
(109, 217, 0),
(129, 126, 0),
(228, 170, 0),
(142, 154, 0),
(145, 41, 0),
(240, 211, 0),
(78, 50, 0),
(9, 168, 0),
(155, 78, 0),
(234, 99, 0),
(208, 86, 0),
(194, 185, 0),
(105, 85, 0),
(174, 238, 0),
(94, 188, 0),
(202, 200, 0),
(250, 104, 0),
(5, 127, 0),
(156, 1, 0),
(242, 108, 0),
(38, 34, 0),
(239, 26, 0),
(153, 152, 0),
(17, 245, 0),
(47, 100, 0),
(122, 182, 0),
(53, 139, 0),
(178, 47, 0),
(109, 62, 0),
(166, 177, 0),
(78, 17, 0),
(135, 193, 0),
(83, 130, 0),
(210, 63, 0),
(28, 28, 0),
(184, 79, 0),
(42, 129, 0),
(61, 195, 0),
(7, 136, 0),
(226, 228, 0),
(84, 204, 0),
(127, 217, 0),
(145, 15, 0),
(193, 223, 0),
(249, 114, 0),
(193, 155, 0),
(43, 23, 0),
(122, 32, 0),
(209, 202, 0),
(204, 227, 0),
(166, 81, 0),
(43, 98, 0),
(230, 202, 0),
(182, 46, 0),
(94, 248, 0),
(169, 58, 0),
(49, 167, 0),
(162, 162, 0),
(62, 175, 0),
(247, 100, 0),
(181, 27, 0),
(161, 171, 0),
(31, 18, 0),
(168, 155, 0),
(151, 146, 0),
(162, 6, 0),
(50, 106, 0),
(167, 85, 0),
(232, 5, 0),
(74, 115, 0),
(146, 209, 0),
(87, 72, 0),
(138, 197, 0),
(202, 33, 0),
(85, 236, 0),
(184, 60, 0),
(29, 191, 0),
(212, 70, 0),
(38, 171, 0),
(229, 188, 0),
(208, 74, 0),
(6, 47, 0),
(15, 207, 0),
(24, 155, 0),
(50, 176, 0),
(141, 50, 0),
(39, 94, 0),
(96, 250, 0),
(227, 212, 0),
(98, 238, 0),
(10, 77, 0),
(113, 28, 0),
(36, 233, 0),
(56, 215, 0),
(159, 186, 0),
(143, 127, 0),
(216, 148, 0),
(161, 10, 0),
(92, 191, 0),
(3, 15, 0),
(108, 143, 0),
(9, 14, 0),
(200, 152, 0),
(247, 248, 0),
(202, 137, 0),
(60, 42, 0),
(74, 4, 0),
(231, 84, 0),
(246, 172, 0),
(64, 78, 0),
(37, 98, 0),
(3, 247, 0),
(199, 101, 0),
(37, 21, 0),
(233, 223, 0),
(160, 10, 0),
(73, 179, 0),
(249, 116, 0),
(16, 171, 0),
(168, 247, 0),
(249, 157, 0),
(242, 37, 0),
(232, 68, 0),
(101, 250, 0),
(80, 152, 0),
(215, 208, 0),
(171, 240, 0),
(55, 32, 0),
(125, 37, 0),
(100, 245, 0),
(105, 245, 0),
(116, 92, 0),
(12, 215, 0),
(76, 9, 0),
(58, 134, 0),
(209, 34, 0),
(52, 226, 0),
(143, 23, 0),
(165, 175, 0),
(34, 48, 0),
(36, 180, 0),
(88, 197, 0),
(100, 243, 0),
(239, 169, 0),
(5, 57, 0),
(197, 108, 0),
(157, 237, 0),
(75, 44, 0),
(205, 185, 0),
(29, 34, 0),
(116, 204, 0),
(190, 149, 0),
(108, 128, 0),
(160, 133, 0),
(40, 202, 0),
(177, 40, 0),
(207, 186, 0),
(236, 149, 0),
(247, 140, 0),
(195, 239, 0),
(32, 219, 0),
(71, 55, 0),
(207, 72, 0),
(63, 128, 0),
(26, 42, 0),
(46, 42, 0),
(118, 239, 0),
(174, 26, 0),
(197, 122, 0),
(234, 232, 0),
(133, 7, 0),
(239, 207, 0),
(250, 238, 0),
(163, 22, 0),
(233, 18, 0),
(117, 8, 0),
(80, 55, 0),
(142, 122, 0),
(203, 84, 0),
(165, 167, 0),
(244, 103, 0),
(146, 7, 0),
(26, 101, 0),
(132, 151, 0),
(20, 174, 0),
(229, 175, 0),
(18, 109, 0),
(245, 138, 0),
(45, 43, 0),
(24, 6, 0),
(212, 189, 0),
(22, 247, 0),
(145, 53, 0),
(123, 89, 0),
(244, 150, 0),
(29, 99, 0),
(169, 115, 0),
(188, 124, 0),
(107, 132, 0),
(51, 87, 0),
(103, 140, 0),
(62, 211, 0),
(147, 250, 0),
(136, 202, 0),
(42, 33, 0),
(15, 175, 0),
(99, 84, 0),
(218, 7, 0),
(92, 187, 0),
(49, 159, 0),
(236, 117, 0),
(86, 125, 0),
(189, 21, 0),
(36, 203, 0),
(208, 7, 0),
(7, 67, 0),
(136, 141, 0),
(201, 138, 0),
(149, 136, 0),
(177, 217, 0),
(76, 195, 0),
(105, 193, 0),
(188, 134, 0),
(108, 202, 0),
(77, 221, 0),
(40, 25, 0),
(48, 8, 0),
(100, 145, 0),
(238, 137, 0),
(129, 201, 0),
(45, 49, 0),
(58, 131, 0),
(43, 49, 0),
(28, 109, 0),
(188, 129, 0),
(71, 28, 0),
(15, 50, 0),
(18, 84, 0),
(52, 207, 0),
(158, 168, 0),
(152, 89, 0),
(111, 167, 0),
(185, 60, 0),
(56, 111, 0),
(198, 42, 0),
(224, 102, 0),
(137, 241, 0),
(245, 158, 0),
(191, 101, 0),
(86, 31, 0),
(222, 23, 0),
(5, 14, 0),
(110, 5, 0),
(104, 132, 0),
(187, 245, 0),
(22, 215, 0),
(91, 241, 0),
(100, 73, 0),
(250, 199, 0),
(4, 45, 0),
(93, 147, 0),
(14, 221, 0),
(91, 230, 0),
(226, 123, 0),
(20, 7, 0),
(219, 34, 0),
(89, 222, 0),
(148, 78, 0),
(87, 116, 0),
(6, 53, 0),
(166, 87, 0),
(106, 86, 0),
(105, 216, 0),
(221, 112, 0),
(57, 181, 0),
(196, 200, 0),
(124, 115, 0),
(62, 82, 0),
(13, 14, 0),
(56, 97, 0),
(54, 98, 0),
(207, 213, 0),
(155, 186, 0),
(184, 33, 0),
(162, 246, 0),
(111, 192, 0),
(27, 199, 0),
(190, 189, 0),
(14, 40, 0),
(248, 60, 0),
(58, 160, 0),
(37, 111, 0),
(44, 99, 0),
(82, 80, 0),
(189, 162, 0),
(247, 21, 0),
(194, 58, 0),
(85, 98, 0),
(89, 6, 0),
(238, 4, 0),
(98, 247, 0),
(169, 36, 0),
(150, 14, 0),
(100, 211, 0),
(111, 220, 0),
(154, 157, 0),
(207, 7, 0),
(22, 147, 0),
(135, 17, 0),
(147, 6, 0),
(226, 76, 0),
(182, 40, 0),
(187, 173, 0),
(32, 223, 0),
(34, 233, 0),
(3, 199, 0),
(192, 161, 0),
(227, 97, 0),
(107, 22, 0),
(235, 222, 0),
(90, 250, 0),
(24, 169, 0),
(115, 13, 0),
(6, 227, 0),
(68, 238, 0),
(116, 34, 0),
(5, 124, 0),
(216, 120, 0),
(141, 232, 0),
(144, 51, 0),
(237, 205, 0),
(130, 160, 0),
(157, 116, 0),
(204, 61, 0),
(198, 68, 0),
(51, 53, 0),
(147, 54, 0),
(90, 16, 0),
(226, 18, 0),
(97, 118, 0),
(103, 71, 0),
(85, 51, 0),
(74, 152, 0),
(167, 229, 0),
(234, 44, 0),
(11, 116, 0),
(130, 94, 0),
(57, 178, 0),
(111, 113, 0),
(175, 134, 0),
(19, 181, 0),
(59, 105, 0),
(149, 12, 0),
(62, 121, 0),
(216, 177, 0),
(151, 76, 0),
(136, 62, 0),
(142, 198, 0),
(174, 29, 0),
(106, 177, 0),
(156, 41, 0),
(151, 244, 0),
(124, 244, 0),
(244, 15, 0),
(24, 30, 0),
(243, 173, 0),
(206, 24, 0),
(8, 150, 0),
(70, 136, 0),
(187, 186, 0),
(111, 198, 0),
(204, 237, 0),
(140, 78, 0),
(177, 155, 0),
(142, 118, 0),
(133, 88, 0),
(162, 154, 0),
(218, 243, 0),
(60, 221, 0),
(234, 50, 0),
(93, 24, 0),
(229, 218, 0),
(70, 47, 0),
(167, 140, 0),
(232, 155, 0),
(141, 69, 0),
(233, 121, 0),
(241, 40, 0),
(48, 47, 0),
(221, 242, 0),
(140, 154, 0),
(24, 90, 0),
(102, 196, 0),
(210, 162, 0),
(247, 198, 0),
(32, 194, 0),
(72, 38, 0),
(169, 73, 0),
(29, 142, 0),
(4, 79, 0),
(185, 30, 0),
(191, 226, 0),
(77, 110, 0),
(30, 91, 0),
(21, 69, 0),
(160, 235, 0),
(223, 6, 0),
(175, 168, 0),
(214, 197, 0),
(87, 15, 0),
(103, 54, 0),
(225, 6, 0),
(190, 72, 0),
(8, 157, 0),
(138, 74, 0),
(128, 143, 0),
(106, 176, 0),
(187, 156, 0),
(245, 182, 0),
(25, 184, 0),
(18, 227, 0),
(249, 196, 0),
(211, 247, 0),
(154, 139, 0),
(188, 248, 0),
(25, 165, 0),
(232, 156, 0),
(115, 174, 0),
(2, 164, 0),
(176, 167, 0),
(126, 143, 0),
(72, 10, 0),
(126, 101, 0),
(105, 206, 0),
(246, 60, 0),
(189, 244, 0),
(8, 93, 0),
(235, 29, 0),
(231, 48, 0),
(149, 129, 0),
(248, 161, 0),
(98, 78, 0),
(57, 132, 0),
(92, 63, 0),
(158, 194, 0),
(173, 153, 0),
(189, 142, 0),
(167, 133, 0),
(208, 10, 0),
(135, 44, 0),
(96, 4, 0),
(30, 238, 0),
(115, 188, 0),
(219, 167, 0),
(171, 106, 0),
(169, 146, 0),
(127, 68, 0),
(146, 143, 0),
(59, 111, 0),
(88, 17, 0),
(43, 166, 0),
(43, 214, 0),
(43, 165, 0),
(54, 105, 0),
(150, 127, 0),
(168, 191, 0),
(152, 115, 0),
(177, 98, 0),
(245, 66, 0),
(146, 54, 0),
(62, 203, 0),
(26, 186, 0),
(242, 21, 0),
(25, 142, 0),
(27, 194, 0),
(22, 192, 0),
(100, 240, 0),
(147, 61, 0),
(118, 41, 0),
(220, 191, 0),
(37, 71, 0),
(30, 156, 0),
(153, 247, 0),
(232, 130, 0),
(160, 216, 0),
(144, 17, 0),
(204, 47, 0),
(185, 180, 0),
(88, 181, 0),
(140, 216, 0),
(158, 171, 0),
(242, 234, 0),
(181, 136, 0),
(190, 101, 0),
(195, 156, 0),
(56, 193, 0),
(84, 114, 0),
(70, 235, 0),
(53, 182, 0),
(122, 92, 0),
(38, 151, 0),
(112, 161, 0),
(11, 93, 0),
(178, 171, 0),
(123, 141, 0),
(205, 54, 0),
(233, 183, 0),
(41, 136, 0),
(187, 60, 0),
(73, 60, 0),
(170, 29, 0),
(155, 174, 0),
(163, 156, 0),
(120, 246, 0),
(50, 19, 0),
(132, 176, 0),
(223, 39, 0),
(77, 222, 0),
(125, 200, 0),
(160, 150, 0),
(41, 133, 0),
(63, 41, 0),
(111, 226, 0),
(228, 118, 0),
(16, 206, 0),
(29, 246, 0),
(240, 22, 0),
(54, 64, 0),
(147, 27, 0),
(129, 151, 0),
(158, 163, 0),
(9, 8, 0),
(230, 90, 0),
(156, 198, 0),
(122, 44, 0),
(81, 206, 0),
(10, 36, 0),
(188, 143, 0),
(155, 16, 0),
(217, 72, 0),
(203, 233, 0),
(176, 90, 0),
(69, 117, 0),
(143, 218, 0),
(85, 186, 0),
(193, 199, 0),
(112, 247, 0),
(219, 12, 0),
(208, 196, 0),
(12, 118, 0),
(6, 141, 0),
(24, 224, 0),
(6, 96, 0),
(171, 67, 0),
(106, 217, 0),
(209, 44, 0),
(53, 131, 0),
(194, 226, 0),
(40, 15, 0),
(46, 101, 0),
(118, 50, 0),
(131, 140, 0),
(35, 52, 0),
(236, 108, 0),
(6, 215, 0),
(88, 129, 0),
(202, 107, 0),
(151, 83, 0),
(186, 67, 0),
(154, 11, 0),
(209, 80, 0),
(48, 223, 0),
(94, 161, 0),
(67, 130, 0),
(16, 131, 0),
(120, 230, 0),
(136, 147, 0),
(160, 172, 0),
(51, 144, 0),
(29, 18, 0),
(31, 112, 0),
(8, 114, 0),
(174, 183, 0),
(115, 244, 0),
(137, 6, 0),
(13, 135, 0),
(210, 45, 0),
(228, 15, 0),
(75, 99, 0),
(202, 59, 0),
(209, 244, 0),
(219, 81, 0),
(29, 38, 0),
(1, 106, 0),
(105, 6, 0),
(249, 51, 0),
(108, 142, 0),
(147, 207, 0),
(249, 224, 0),
(5, 195, 0),
(80, 74, 0),
(116, 46, 0),
(153, 236, 0),
(117, 4, 0),
(224, 99, 0),
(111, 229, 0),
(249, 198, 0),
(60, 128, 0),
(102, 136, 0),
(89, 159, 0),
(206, 143, 0),
(157, 174, 0),
(21, 131, 0),
(8, 35, 0),
(89, 223, 0),
(147, 211, 0),
(186, 228, 0),
(176, 12, 0),
(154, 215, 0),
(128, 145, 0),
(249, 102, 0),
(96, 127, 0),
(212, 53, 0),
(160, 167, 0),
(127, 175, 0),
(146, 31, 0),
(230, 109, 0),
(144, 66, 0),
(16, 231, 0),
(142, 39, 0),
(3, 117, 0),
(200, 6, 0),
(221, 225, 0),
(44, 93, 0),
(150, 104, 0),
(119, 237, 0),
(133, 247, 0),
(166, 1, 0),
(125, 186, 0),
(82, 158, 0),
(72, 206, 0),
(196, 212, 0),
(249, 121, 0),
(147, 30, 0),
(238, 182, 0),
(63, 6, 0),
(49, 162, 0),
(60, 181, 0),
(53, 143, 0),
(145, 203, 0),
(183, 148, 0),
(147, 249, 0),
(82, 40, 0),
(19, 107, 0),
(141, 63, 0),
(246, 21, 0),
(121, 250, 0),
(146, 46, 0),
(147, 146, 0),
(105, 240, 0),
(85, 45, 0),
(168, 50, 0),
(209, 9, 0),
(22, 170, 0),
(156, 120, 0),
(181, 119, 0),
(222, 152, 0),
(112, 182, 0),
(93, 205, 0),
(222, 237, 0),
(128, 43, 0),
(74, 133, 0),
(103, 37, 0),
(36, 160, 0),
(144, 224, 0),
(65, 23, 0),
(225, 117, 0),
(158, 234, 0),
(219, 158, 0),
(218, 110, 0),
(191, 178, 0),
(22, 27, 0),
(232, 87, 0),
(152, 96, 0),
(80, 20, 0),
(21, 35, 0),
(110, 121, 0),
(78, 91, 0),
(237, 229, 0),
(236, 19, 0),
(106, 81, 0),
(60, 1, 0),
(202, 201, 0),
(242, 24, 0),
(11, 82, 0),
(171, 35, 0),
(243, 15, 0),
(96, 85, 0),
(140, 215, 0),
(1, 131, 0),
(211, 158, 0),
(91, 206, 0),
(229, 70, 0),
(48, 239, 0),
(159, 178, 0),
(136, 239, 0),
(242, 161, 0),
(248, 47, 0),
(50, 48, 0),
(246, 166, 0),
(206, 77, 0),
(2, 227, 0),
(126, 154, 0),
(233, 171, 0),
(249, 19, 0),
(218, 131, 0),
(127, 211, 0),
(110, 82, 0),
(177, 125, 0),
(36, 185, 0),
(181, 144, 0),
(200, 57, 0),
(67, 150, 0),
(54, 126, 0),
(239, 67, 0),
(135, 218, 0),
(178, 123, 0),
(13, 139, 0),
(184, 102, 0),
(31, 188, 0),
(192, 126, 0),
(148, 74, 0),
(19, 144, 0),
(92, 160, 0),
(76, 214, 0),
(234, 130, 0),
(53, 125, 0),
(136, 101, 0),
(38, 114, 0),
(223, 129, 0),
(113, 241, 0),
(238, 175, 0),
(228, 203, 0),
(186, 101, 0),
(1, 82, 0),
(136, 112, 0),
(67, 194, 0),
(156, 151, 0),
(211, 19, 0),
(227, 234, 0),
(105, 201, 0),
(166, 179, 0),
(15, 124, 0),
(185, 156, 0),
(36, 167, 0),
(65, 37, 0),
(45, 237, 0),
(118, 187, 0),
(188, 71, 0),
(214, 129, 0),
(81, 29, 0),
(165, 69, 0),
(74, 69, 0),
(70, 247, 0),
(239, 177, 0),
(214, 200, 0),
(155, 1, 0),
(61, 53, 0),
(57, 179, 0),
(134, 143, 0),
(207, 74, 0),
(56, 145, 0),
(231, 230, 0),
(211, 90, 0),
(66, 136, 0),
(23, 99, 0),
(118, 152, 0),
(6, 185, 0),
(129, 119, 0),
(218, 160, 0),
(168, 5, 0),
(217, 39, 0),
(75, 80, 0),
(54, 45, 0),
(194, 137, 0),
(113, 217, 0),
(218, 94, 0),
(54, 141, 0),
(233, 3, 0),
(212, 221, 0),
(142, 146, 0),
(103, 53, 0),
(177, 163, 0),
(237, 241, 0),
(75, 36, 0),
(235, 111, 0),
(119, 46, 0),
(243, 169, 0),
(36, 136, 0),
(29, 226, 0),
(222, 88, 0),
(82, 134, 0),
(67, 180, 0),
(24, 168, 0),
(18, 235, 0),
(88, 70, 0),
(230, 148, 0),
(147, 203, 0),
(200, 116, 0),
(235, 101, 0),
(149, 181, 0),
(111, 47, 0),
(80, 182, 0);

--
-- Indexes for dumped tables
--

--
-- Indexes for table `fixture`
--
ALTER TABLE `fixture`
  ADD PRIMARY KEY (`id`);

--
-- Indexes for table `location`
--
ALTER TABLE `location`
  ADD PRIMARY KEY (`id`),
  ADD KEY `Key` (`name`);

--
-- Indexes for table `player`
--
ALTER TABLE `player`
  ADD PRIMARY KEY (`id`);

--
-- Indexes for table `team`
--
ALTER TABLE `team`
  ADD PRIMARY KEY (`id`);

--
-- Indexes for table `teamcaptain`
--
ALTER TABLE `teamcaptain`
  ADD PRIMARY KEY (`id`),
  ADD KEY `CK` (`playerid`,`teamid`),
  ADD KEY `teamid` (`teamid`);

--
-- Indexes for table `team_player`
--
ALTER TABLE `team_player`
  ADD UNIQUE KEY `playerid` (`playerid`,`teamid`),
  ADD KEY `teamid` (`teamid`);

--
-- AUTO_INCREMENT for dumped tables
--

--
-- AUTO_INCREMENT for table `fixture`
--
ALTER TABLE `fixture`
  MODIFY `id` int NOT NULL AUTO_INCREMENT;

--
-- AUTO_INCREMENT for table `player`
--
ALTER TABLE `player`
  MODIFY `id` int NOT NULL AUTO_INCREMENT, AUTO_INCREMENT=1015;

--
-- AUTO_INCREMENT for table `team`
--
ALTER TABLE `team`
  MODIFY `id` int NOT NULL AUTO_INCREMENT, AUTO_INCREMENT=1001;

--
-- AUTO_INCREMENT for table `teamcaptain`
--
ALTER TABLE `teamcaptain`
  MODIFY `id` int NOT NULL AUTO_INCREMENT, AUTO_INCREMENT=9;

--
-- Constraints for dumped tables
--

--
-- Constraints for table `teamcaptain`
--
ALTER TABLE `teamcaptain`
  ADD CONSTRAINT `teamcaptain_ibfk_2` FOREIGN KEY (`teamid`) REFERENCES `team` (`id`) ON DELETE RESTRICT ON UPDATE RESTRICT;
COMMIT;

/*!40101 SET CHARACTER_SET_CLIENT=@OLD_CHARACTER_SET_CLIENT */;
/*!40101 SET CHARACTER_SET_RESULTS=@OLD_CHARACTER_SET_RESULTS */;
/*!40101 SET COLLATION_CONNECTION=@OLD_COLLATION_CONNECTION */;
